Date,Time,Objects,Vehicles,Density
29-05-2026,20:55:01,1,0,LOW
29-05-2026,20:55:01,1,0,LOW
29-05-2026,20:55:01,1,0,LOW
29-05-2026,20:55:01,1,0,LOW
29-05-2026,20:55:02,1,0,LOW
29-05-2026,20:55:02,1,0,LOW
29-05-2026,20:55:02,1,0,LOW
29-05-2026,20:55:03,1,0,LOW
29-05-2026,20:55:03,1,0,LOW
29-05-2026,20:55:03,1,0,LOW
29-05-2026,20:55:03,1,0,LOW
29-05-2026,20:55:04,1,0,LOW
29-05-2026,20:55:04,1,0,LOW
29-05-2026,20:55:04,1,0,LOW
29-05-2026,20:55:04,1,0,LOW
29-05-2026,20:55:05,1,0,LOW
29-05-2026,20:55:05,1,0,LOW
29-05-2026,20:55:05,1,0,LOW
29-05-2026,20:55:05,1,0,LOW
29-05-2026,20:55:06,1,0,LOW
29-05-2026,20:55:06,1,0,LOW
29-05-2026,20:55:06,1,0,LOW
29-05-2026,20:55:06,1,0,LOW
29-05-2026,20:55:07,1,0,LOW
29-05-2026,20:55:07,1,0,LOW
29-05-2026,20:55:07,1,0,LOW
29-05-2026,20:55:07,1,0,LOW
29-05-2026,20:55:08,1,0,LOW
29-05-2026,20:55:08,1,0,LOW
29-05-2026,20:55:08,1,0,LOW
29-05-2026,20:55:09,1,0,LOW
29-05-2026,20:55:09,1,0,LOW
29-05-2026,20:55:09,1,0,LOW
29-05-2026,20:55:09,1,0,LOW
29-05-2026,20:55:10,1,0,LOW
29-05-2026,20:55:10,1,0,LOW
29-05-2026,20:55:10,1,0,LOW
29-05-2026,20:55:10,1,0,LOW
29-05-2026,20:55:10,1,0,LOW
29-05-2026,20:55:11,1,0,LOW
29-05-2026,20:55:11,1,0,LOW
29-05-2026,20:55:11,1,0,LOW
29-05-2026,20:55:12,1,0,LOW
29-05-2026,20:55:12,1,0,LOW
29-05-2026,20:55:12,1,0,LOW
29-05-2026,20:55:12,1,0,LOW
29-05-2026,20:55:13,1,0,LOW
29-05-2026,20:55:13,1,0,LOW
29-05-2026,20:55:13,1,0,LOW
29-05-2026,20:55:13,1,0,LOW
29-05-2026,20:55:14,1,0,LOW
29-05-2026,20:55:14,1,0,LOW
29-05-2026,20:55:14,1,0,LOW
29-05-2026,20:55:14,1,0,LOW
29-05-2026,20:55:15,1,0,LOW
29-05-2026,20:55:15,1,0,LOW
29-05-2026,20:55:15,1,0,LOW
29-05-2026,20:55:15,1,0,LOW
29-05-2026,20:55:16,1,0,LOW
29-05-2026,20:55:16,1,0,LOW
29-05-2026,20:55:16,1,0,LOW
29-05-2026,20:55:17,1,0,LOW
Date,Time,Objects,Vehicles,Density
29-05-2026,21:39:55,1,0,LOW
29-05-2026,21:39:55,1,0,LOW
29-05-2026,21:39:56,1,0,LOW
29-05-2026,21:39:56,1,0,LOW
29-05-2026,21:39:57,1,0,LOW
29-05-2026,21:39:57,1,0,LOW
29-05-2026,21:39:57,1,0,LOW
29-05-2026,21:39:58,1,0,LOW
29-05-2026,21:39:58,1,0,LOW
29-05-2026,21:39:59,1,0,LOW
29-05-2026,21:39:59,1,0,LOW
29-05-2026,21:39:59,1,0,LOW
29-05-2026,21:40:00,1,0,LOW
29-05-2026,21:40:00,1,0,LOW
29-05-2026,21:40:00,1,0,LOW
29-05-2026,21:40:01,1,0,LOW
29-05-2026,21:40:01,1,0,LOW
29-05-2026,21:40:02,1,0,LOW
29-05-2026,21:40:02,1,0,LOW
29-05-2026,21:40:02,1,0,LOW
29-05-2026,21:40:03,1,0,LOW
29-05-2026,21:40:03,1,0,LOW
29-05-2026,21:40:04,1,0,LOW
29-05-2026,21:40:04,1,0,LOW
29-05-2026,21:40:04,1,0,LOW
29-05-2026,21:40:05,1,0,LOW
29-05-2026,21:40:05,1,0,LOW
29-05-2026,21:40:06,1,0,LOW
29-05-2026,21:40:06,1,0,LOW
29-05-2026,21:40:06,1,0,LOW
29-05-2026,21:40:07,1,0,LOW
29-05-2026,21:40:07,1,0,LOW
29-05-2026,21:40:08,1,0,LOW
29-05-2026,21:40:08,1,0,LOW
29-05-2026,21:40:08,1,0,LOW
29-05-2026,21:40:09,1,0,LOW
29-05-2026,21:40:09,1,0,LOW
29-05-2026,21:40:10,1,0,LOW
29-05-2026,21:40:10,1,0,LOW
29-05-2026,21:40:11,1,0,LOW
29-05-2026,21:40:11,1,0,LOW
Date,Time,Objects,Vehicles,Density
29-05-2026,21:47:50,3,0,LOW
29-05-2026,21:47:50,2,0,LOW
29-05-2026,21:47:51,2,0,LOW
29-05-2026,21:47:51,2,0,LOW
29-05-2026,21:47:51,2,0,LOW
29-05-2026,21:47:52,2,0,LOW
29-05-2026,21:47:52,2,0,LOW
29-05-2026,21:47:53,2,0,LOW
29-05-2026,21:47:53,2,0,LOW
29-05-2026,21:47:54,2,0,LOW
29-05-2026,21:47:54,2,0,LOW
29-05-2026,21:47:54,2,0,LOW
29-05-2026,21:47:55,2,0,LOW
29-05-2026,21:47:55,2,0,LOW
29-05-2026,21:47:56,2,0,LOW
29-05-2026,21:47:56,2,0,LOW
29-05-2026,21:47:56,2,0,LOW
29-05-2026,21:47:57,2,0,LOW
29-05-2026,21:47:57,2,0,LOW
29-05-2026,21:47:58,1,0,LOW
29-05-2026,21:47:58,1,0,LOW
29-05-2026,21:47:58,2,0,LOW
29-05-2026,21:47:59,1,0,LOW
29-05-2026,21:47:59,1,0,LOW
29-05-2026,21:48:00,1,0,LOW
29-05-2026,21:48:00,1,0,LOW
29-05-2026,21:48:00,1,0,LOW
29-05-2026,21:48:01,1,0,LOW
29-05-2026,21:48:01,1,0,LOW
29-05-2026,21:48:02,1,0,LOW
29-05-2026,21:48:02,1,0,LOW
29-05-2026,21:48:03,1,0,LOW
29-05-2026,21:48:03,1,0,LOW
29-05-2026,21:48:03,1,0,LOW
29-05-2026,21:48:04,2,0,LOW
29-05-2026,21:48:04,1,0,LOW
29-05-2026,21:48:05,1,0,LOW
29-05-2026,21:48:05,1,0,LOW
29-05-2026,21:48:05,1,0,LOW
29-05-2026,21:48:06,1,0,LOW
29-05-2026,21:48:06,1,0,LOW
29-05-2026,21:48:07,2,0,LOW
29-05-2026,21:48:07,1,0,LOW
29-05-2026,21:48:07,2,0,LOW
29-05-2026,21:48:08,1,0,LOW
29-05-2026,21:48:08,1,0,LOW
29-05-2026,21:48:08,1,0,LOW
29-05-2026,21:48:09,1,0,LOW
29-05-2026,21:48:09,1,0,LOW
29-05-2026,21:48:10,1,0,LOW
29-05-2026,21:48:10,1,0,LOW
29-05-2026,21:48:10,1,0,LOW
29-05-2026,21:48:11,1,0,LOW
29-05-2026,21:48:11,1,0,LOW
29-05-2026,21:48:12,1,0,LOW
29-05-2026,21:48:12,1,0,LOW
29-05-2026,21:48:12,1,0,LOW
29-05-2026,21:48:13,1,0,LOW
29-05-2026,21:48:13,1,0,LOW
29-05-2026,21:48:14,2,0,LOW
29-05-2026,21:48:14,2,0,LOW
29-05-2026,21:48:14,1,0,LOW
29-05-2026,21:48:15,1,0,LOW
29-05-2026,21:48:15,1,0,LOW
29-05-2026,21:48:16,1,0,LOW
29-05-2026,21:48:16,1,0,LOW
29-05-2026,21:48:16,1,0,LOW
29-05-2026,21:48:17,2,0,LOW
29-05-2026,21:48:17,2,0,LOW
29-05-2026,21:48:18,2,0,LOW
29-05-2026,21:48:18,2,0,LOW
29-05-2026,21:48:18,2,0,LOW
29-05-2026,21:48:19,2,0,LOW
29-05-2026,21:48:19,2,0,LOW
29-05-2026,21:48:19,2,0,LOW
29-05-2026,21:48:20,2,0,LOW
29-05-2026,21:48:20,2,0,LOW
29-05-2026,21:48:21,2,0,LOW
29-05-2026,21:48:21,2,0,LOW
29-05-2026,21:48:21,2,0,LOW
29-05-2026,21:48:22,2,0,LOW
29-05-2026,21:48:22,2,0,LOW
29-05-2026,21:48:23,2,0,LOW
29-05-2026,21:48:23,2,0,LOW
29-05-2026,21:48:23,2,0,LOW
29-05-2026,21:48:24,2,0,LOW
29-05-2026,21:48:24,2,0,LOW
29-05-2026,21:48:25,2,0,LOW
29-05-2026,21:48:25,2,0,LOW
29-05-2026,21:48:25,2,0,LOW
29-05-2026,21:48:26,2,0,LOW
29-05-2026,21:48:26,2,0,LOW
29-05-2026,21:48:27,2,0,LOW
29-05-2026,21:48:27,2,0,LOW
29-05-2026,21:48:27,2,0,LOW
29-05-2026,21:48:28,3,0,LOW
29-05-2026,21:48:28,3,0,LOW
29-05-2026,21:48:28,3,0,LOW
29-05-2026,21:48:29,3,0,LOW
29-05-2026,21:48:29,2,0,LOW
29-05-2026,21:48:30,2,0,LOW
29-05-2026,21:48:30,3,0,LOW
29-05-2026,21:48:30,2,0,LOW
29-05-2026,21:48:31,3,0,LOW
29-05-2026,21:48:31,3,0,LOW
29-05-2026,21:48:32,3,0,LOW
29-05-2026,21:48:32,2,0,LOW
29-05-2026,21:48:32,2,0,LOW
29-05-2026,21:48:33,1,0,LOW
29-05-2026,21:48:33,1,0,LOW
29-05-2026,21:48:34,1,0,LOW
29-05-2026,21:48:34,1,0,LOW
29-05-2026,21:48:34,1,0,LOW
29-05-2026,21:48:35,2,0,LOW
29-05-2026,21:48:35,3,0,LOW
29-05-2026,21:48:36,2,0,LOW
29-05-2026,21:48:36,2,0,LOW
29-05-2026,21:48:36,2,0,LOW
29-05-2026,21:48:37,2,0,LOW
29-05-2026,21:48:37,2,0,LOW
29-05-2026,21:48:38,1,0,LOW
29-05-2026,21:48:38,1,0,LOW
29-05-2026,21:48:38,1,0,LOW
29-05-2026,21:48:39,1,0,LOW
29-05-2026,21:48:39,1,0,LOW
29-05-2026,21:48:40,1,0,LOW
29-05-2026,21:48:40,1,0,LOW
29-05-2026,21:48:40,2,0,LOW
29-05-2026,21:48:41,2,0,LOW
29-05-2026,21:48:41,2,0,LOW
29-05-2026,21:48:42,2,0,LOW
29-05-2026,21:48:42,2,0,LOW
29-05-2026,21:48:42,2,0,LOW
29-05-2026,21:48:43,2,0,LOW
29-05-2026,21:48:43,2,0,LOW
29-05-2026,21:48:44,2,0,LOW
Date,Time,Objects,Vehicles,Density
29-05-2026,21:56:43,1,0,LOW
29-05-2026,21:56:44,2,0,LOW
29-05-2026,21:56:44,1,0,LOW
29-05-2026,21:56:45,1,0,LOW
29-05-2026,21:56:45,1,0,LOW
29-05-2026,21:56:46,2,0,LOW
29-05-2026,21:56:46,2,0,LOW
29-05-2026,21:56:46,2,0,LOW
29-05-2026,21:56:47,1,0,LOW
29-05-2026,21:56:47,1,0,LOW
29-05-2026,21:56:48,2,0,LOW
29-05-2026,21:56:48,1,0,LOW
29-05-2026,21:56:49,2,0,LOW
29-05-2026,21:56:49,1,0,LOW
29-05-2026,21:56:49,2,0,LOW
29-05-2026,21:56:50,1,0,LOW
29-05-2026,21:56:50,1,0,LOW
29-05-2026,21:56:51,1,0,LOW
29-05-2026,21:56:51,1,0,LOW
29-05-2026,21:56:51,1,0,LOW
29-05-2026,21:56:52,1,0,LOW
29-05-2026,21:56:52,1,0,LOW
29-05-2026,21:56:53,2,0,LOW
29-05-2026,21:56:53,2,0,LOW
29-05-2026,21:56:54,2,0,LOW
29-05-2026,21:56:54,1,0,LOW
29-05-2026,21:56:54,1,0,LOW
29-05-2026,21:56:55,1,0,LOW
29-05-2026,21:56:55,1,0,LOW
29-05-2026,21:56:56,1,0,LOW
29-05-2026,21:56:56,1,0,LOW
29-05-2026,21:56:56,1,0,LOW
29-05-2026,21:56:57,1,0,LOW
29-05-2026,21:56:57,1,0,LOW
29-05-2026,21:56:58,1,0,LOW
29-05-2026,21:56:58,1,0,LOW
29-05-2026,21:56:58,1,0,LOW
29-05-2026,21:56:59,1,0,LOW
29-05-2026,21:56:59,1,0,LOW
29-05-2026,21:57:00,1,0,LOW
29-05-2026,21:57:00,1,0,LOW
29-05-2026,21:57:01,1,0,LOW
29-05-2026,21:57:01,1,0,LOW
29-05-2026,21:57:01,1,0,LOW
29-05-2026,21:57:02,0,0,LOW
29-05-2026,21:57:02,0,0,LOW
29-05-2026,21:57:03,0,0,LOW
29-05-2026,21:57:03,0,0,LOW
29-05-2026,21:57:03,1,0,LOW
29-05-2026,21:57:04,0,0,LOW
29-05-2026,21:57:04,0,0,LOW
29-05-2026,21:57:05,0,0,LOW
29-05-2026,21:57:05,0,0,LOW
29-05-2026,21:57:05,0,0,LOW
29-05-2026,21:57:06,0,0,LOW
29-05-2026,21:57:06,0,0,LOW
29-05-2026,21:57:07,0,0,LOW
29-05-2026,21:57:07,0,0,LOW
29-05-2026,21:57:07,0,0,LOW
29-05-2026,21:57:08,0,0,LOW
29-05-2026,21:57:08,0,0,LOW
29-05-2026,21:57:08,0,0,LOW
29-05-2026,21:57:09,0,0,LOW
29-05-2026,21:57:09,0,0,LOW
29-05-2026,21:57:10,0,0,LOW
29-05-2026,21:57:10,0,0,LOW
29-05-2026,21:57:10,0,0,LOW
29-05-2026,21:57:11,0,0,LOW
29-05-2026,21:57:11,0,0,LOW
29-05-2026,21:57:11,0,0,LOW
29-05-2026,21:57:12,0,0,LOW
29-05-2026,21:57:12,0,0,LOW
29-05-2026,21:57:13,0,0,LOW
29-05-2026,21:57:13,0,0,LOW
29-05-2026,21:57:13,0,0,LOW
29-05-2026,21:57:14,0,0,LOW
29-05-2026,21:57:14,0,0,LOW
29-05-2026,21:57:15,0,0,LOW
29-05-2026,21:57:15,0,0,LOW
29-05-2026,21:57:15,0,0,LOW
29-05-2026,21:57:16,0,0,LOW
29-05-2026,21:57:16,0,0,LOW
29-05-2026,21:57:17,0,0,LOW
29-05-2026,21:57:17,0,0,LOW
29-05-2026,21:57:17,0,0,LOW
29-05-2026,21:57:18,0,0,LOW
29-05-2026,21:57:18,0,0,LOW
29-05-2026,21:57:19,0,0,LOW
29-05-2026,21:57:19,0,0,LOW
29-05-2026,21:57:19,0,0,LOW
29-05-2026,21:57:20,0,0,LOW
29-05-2026,21:57:20,0,0,LOW
29-05-2026,21:57:21,0,0,LOW
29-05-2026,21:57:21,0,0,LOW
29-05-2026,21:57:21,0,0,LOW
29-05-2026,21:57:22,0,0,LOW
29-05-2026,21:57:22,0,0,LOW
29-05-2026,21:57:23,0,0,LOW
29-05-2026,21:57:23,0,0,LOW
29-05-2026,21:57:23,1,0,LOW
29-05-2026,21:57:24,1,0,LOW
29-05-2026,21:57:24,1,0,LOW
29-05-2026,21:57:24,1,0,LOW
29-05-2026,21:57:25,1,0,LOW
29-05-2026,21:57:25,1,0,LOW
29-05-2026,21:57:26,1,0,LOW
29-05-2026,21:57:26,1,0,LOW
29-05-2026,21:57:26,1,0,LOW
29-05-2026,21:57:27,1,0,LOW
29-05-2026,21:57:27,1,0,LOW
29-05-2026,21:57:28,1,0,LOW
29-05-2026,21:57:28,1,0,LOW
29-05-2026,21:57:28,1,0,LOW
29-05-2026,21:57:29,1,0,LOW
29-05-2026,21:57:29,1,0,LOW
29-05-2026,21:57:30,1,0,LOW
29-05-2026,21:57:30,1,0,LOW
29-05-2026,21:57:30,1,0,LOW
29-05-2026,21:57:31,1,0,LOW
29-05-2026,21:57:31,1,0,LOW
29-05-2026,21:57:32,1,0,LOW
29-05-2026,21:57:32,1,0,LOW
29-05-2026,21:57:32,1,0,LOW
Date,Time,Objects,Vehicles,Density
31-05-2026,10:35:43,1,0,LOW
31-05-2026,10:35:43,1,0,LOW
31-05-2026,10:35:44,1,0,LOW
31-05-2026,10:35:44,1,0,LOW
31-05-2026,10:35:44,1,0,LOW
31-05-2026,10:35:44,1,0,LOW
31-05-2026,10:35:45,1,0,LOW
31-05-2026,10:35:45,1,0,LOW
31-05-2026,10:35:45,1,0,LOW
31-05-2026,10:35:45,1,0,LOW
31-05-2026,10:35:46,1,0,LOW
31-05-2026,10:35:46,1,0,LOW
31-05-2026,10:35:46,1,0,LOW
31-05-2026,10:35:47,1,0,LOW
31-05-2026,10:35:47,1,0,LOW
31-05-2026,10:35:47,1,0,LOW
31-05-2026,10:35:47,1,0,LOW
31-05-2026,10:35:48,1,0,LOW
31-05-2026,10:35:48,1,0,LOW
31-05-2026,10:35:48,1,0,LOW
31-05-2026,10:35:48,1,0,LOW
31-05-2026,10:35:49,1,0,LOW
31-05-2026,10:35:49,1,0,LOW
31-05-2026,10:35:49,1,0,LOW
31-05-2026,10:35:49,1,0,LOW
31-05-2026,10:35:50,1,0,LOW
31-05-2026,10:35:50,1,0,LOW
31-05-2026,10:35:50,1,0,LOW
31-05-2026,10:35:51,1,0,LOW
31-05-2026,10:35:51,1,0,LOW
31-05-2026,10:35:51,1,0,LOW
31-05-2026,10:35:51,1,0,LOW
31-05-2026,10:35:52,1,0,LOW
31-05-2026,10:35:52,1,0,LOW
31-05-2026,10:35:52,1,0,LOW
31-05-2026,10:35:52,1,0,LOW
31-05-2026,10:35:53,1,0,LOW
31-05-2026,10:35:53,1,0,LOW
31-05-2026,10:35:53,1,0,LOW
31-05-2026,10:35:53,1,0,LOW
31-05-2026,10:35:54,1,0,LOW
31-05-2026,10:35:54,1,0,LOW
31-05-2026,10:35:54,1,0,LOW
31-05-2026,10:35:54,1,0,LOW
31-05-2026,10:35:55,1,0,LOW
31-05-2026,10:35:55,1,0,LOW
31-05-2026,10:35:55,1,0,LOW
31-05-2026,10:35:55,1,0,LOW
31-05-2026,10:35:56,1,0,LOW
31-05-2026,10:35:56,1,0,LOW
31-05-2026,10:35:56,1,0,LOW
31-05-2026,10:35:57,1,0,LOW
31-05-2026,10:35:57,1,0,LOW
31-05-2026,10:35:57,1,0,LOW
31-05-2026,10:35:57,1,0,LOW
31-05-2026,10:35:58,1,0,LOW
31-05-2026,10:35:58,1,0,LOW
31-05-2026,10:35:58,1,0,LOW
31-05-2026,10:35:58,1,0,LOW
31-05-2026,10:35:59,1,0,LOW
31-05-2026,10:35:59,1,0,LOW
31-05-2026,10:35:59,1,0,LOW
31-05-2026,10:35:59,1,0,LOW
31-05-2026,10:36:00,1,0,LOW
31-05-2026,10:36:00,1,0,LOW
31-05-2026,10:36:00,1,0,LOW
31-05-2026,10:36:01,1,0,LOW
31-05-2026,10:36:01,1,0,LOW
31-05-2026,10:36:01,1,0,LOW
31-05-2026,10:36:01,1,0,LOW
31-05-2026,10:36:02,1,0,LOW
31-05-2026,10:36:02,1,0,LOW
31-05-2026,10:36:02,1,0,LOW
31-05-2026,10:36:02,1,0,LOW
31-05-2026,10:36:03,1,0,LOW
31-05-2026,10:36:03,1,0,LOW
31-05-2026,10:36:03,1,0,LOW
31-05-2026,10:36:04,1,0,LOW
31-05-2026,10:36:04,1,0,LOW
31-05-2026,10:36:04,1,0,LOW
31-05-2026,10:36:04,1,0,LOW
31-05-2026,10:36:05,1,0,LOW
31-05-2026,10:36:05,1,0,LOW
31-05-2026,10:36:05,1,0,LOW
31-05-2026,10:36:05,1,0,LOW
31-05-2026,10:36:06,1,0,LOW
31-05-2026,10:36:06,1,0,LOW
31-05-2026,10:36:06,1,0,LOW
31-05-2026,10:36:07,1,0,LOW
31-05-2026,10:36:07,1,0,LOW
31-05-2026,10:36:07,1,0,LOW
31-05-2026,10:36:07,1,0,LOW
31-05-2026,10:36:08,1,0,LOW
31-05-2026,10:36:08,1,0,LOW
31-05-2026,10:36:08,1,0,LOW
31-05-2026,10:36:09,1,0,LOW
31-05-2026,10:36:09,1,0,LOW
31-05-2026,10:36:09,1,0,LOW
31-05-2026,10:36:09,1,0,LOW
31-05-2026,10:36:10,1,0,LOW
31-05-2026,10:36:10,1,0,LOW
31-05-2026,10:36:10,1,0,LOW
31-05-2026,10:36:11,1,0,LOW
31-05-2026,10:36:11,1,0,LOW
31-05-2026,10:36:11,1,0,LOW
31-05-2026,10:36:11,1,0,LOW
31-05-2026,10:36:12,1,0,LOW
31-05-2026,10:36:12,1,0,LOW
31-05-2026,10:36:12,1,0,LOW
31-05-2026,10:36:13,1,0,LOW
31-05-2026,10:36:13,1,0,LOW
31-05-2026,10:36:13,1,0,LOW
31-05-2026,10:36:13,1,0,LOW
31-05-2026,10:36:14,1,0,LOW
31-05-2026,10:36:14,1,0,LOW
31-05-2026,10:36:14,1,0,LOW
31-05-2026,10:36:15,1,0,LOW
31-05-2026,10:36:15,1,0,LOW
31-05-2026,10:36:15,1,0,LOW
31-05-2026,10:36:15,1,0,LOW
31-05-2026,10:36:16,1,0,LOW
31-05-2026,10:36:16,1,0,LOW
31-05-2026,10:36:16,1,0,LOW
31-05-2026,10:36:17,1,0,LOW
31-05-2026,10:36:17,1,0,LOW
31-05-2026,10:36:17,1,0,LOW
31-05-2026,10:36:17,1,0,LOW
31-05-2026,10:36:18,1,0,LOW
31-05-2026,10:36:18,1,0,LOW
31-05-2026,10:36:18,1,0,LOW
31-05-2026,10:36:18,1,0,LOW
31-05-2026,10:36:19,1,0,LOW
31-05-2026,10:36:19,1,0,LOW
31-05-2026,10:36:19,1,0,LOW
31-05-2026,10:36:20,1,0,LOW
31-05-2026,10:36:20,1,0,LOW
31-05-2026,10:36:20,1,0,LOW
31-05-2026,10:36:20,1,0,LOW
31-05-2026,10:36:21,1,0,LOW
31-05-2026,10:36:21,1,0,LOW
31-05-2026,10:36:21,1,0,LOW
31-05-2026,10:36:22,1,0,LOW
31-05-2026,10:36:22,1,0,LOW
31-05-2026,10:36:22,1,0,LOW
31-05-2026,10:36:22,1,0,LOW
31-05-2026,10:36:23,1,0,LOW
31-05-2026,10:36:23,1,0,LOW
31-05-2026,10:36:23,1,0,LOW
31-05-2026,10:36:24,1,0,LOW
31-05-2026,10:36:24,1,0,LOW
31-05-2026,10:36:24,1,0,LOW
31-05-2026,10:36:25,1,0,LOW
31-05-2026,10:36:25,1,0,LOW
31-05-2026,10:36:25,1,0,LOW
31-05-2026,10:36:25,1,0,LOW
31-05-2026,10:36:26,1,0,LOW
31-05-2026,10:36:26,1,0,LOW
31-05-2026,10:36:26,1,0,LOW
31-05-2026,10:36:27,1,0,LOW
31-05-2026,10:36:27,1,0,LOW
31-05-2026,10:36:27,1,0,LOW
31-05-2026,10:36:27,1,0,LOW
31-05-2026,10:36:28,1,0,LOW
31-05-2026,10:36:28,1,0,LOW
31-05-2026,10:36:28,1,0,LOW
31-05-2026,10:36:29,1,0,LOW
31-05-2026,10:36:29,1,0,LOW
31-05-2026,10:36:29,1,0,LOW
31-05-2026,10:36:29,1,0,LOW
31-05-2026,10:36:30,1,0,LOW
31-05-2026,10:36:30,1,0,LOW
31-05-2026,10:36:30,1,0,LOW
31-05-2026,10:36:31,1,0,LOW
31-05-2026,10:36:31,1,0,LOW
31-05-2026,10:36:31,1,0,LOW
31-05-2026,10:36:32,1,0,LOW
31-05-2026,10:36:32,1,0,LOW
31-05-2026,10:36:32,1,0,LOW
31-05-2026,10:36:32,1,0,LOW
31-05-2026,10:36:33,1,0,LOW
31-05-2026,10:36:33,1,0,LOW
31-05-2026,10:36:33,1,0,LOW
31-05-2026,10:36:34,1,0,LOW
31-05-2026,10:36:34,1,0,LOW
31-05-2026,10:36:34,1,0,LOW
31-05-2026,10:36:35,1,0,LOW
31-05-2026,10:36:35,1,0,LOW
31-05-2026,10:36:35,1,0,LOW
31-05-2026,10:36:36,1,0,LOW
31-05-2026,10:36:36,1,0,LOW
31-05-2026,10:36:36,1,0,LOW
31-05-2026,10:36:37,1,0,LOW
31-05-2026,10:36:37,1,0,LOW
31-05-2026,10:36:37,1,0,LOW
31-05-2026,10:36:37,1,0,LOW
31-05-2026,10:36:38,1,0,LOW
31-05-2026,10:36:38,1,0,LOW
31-05-2026,10:36:38,1,0,LOW
31-05-2026,10:36:39,1,0,LOW
31-05-2026,10:36:39,1,0,LOW
31-05-2026,10:36:39,1,0,LOW
31-05-2026,10:36:40,1,0,LOW
31-05-2026,10:36:40,1,0,LOW
31-05-2026,10:36:40,1,0,LOW
31-05-2026,10:36:41,1,0,LOW
31-05-2026,10:36:41,1,0,LOW
31-05-2026,10:36:41,1,0,LOW
31-05-2026,10:36:41,1,0,LOW
31-05-2026,10:36:42,1,0,LOW
31-05-2026,10:36:42,1,0,LOW
31-05-2026,10:36:42,1,0,LOW
31-05-2026,10:36:43,1,0,LOW
31-05-2026,10:36:43,1,0,LOW
31-05-2026,10:36:43,1,0,LOW
31-05-2026,10:36:44,1,0,LOW
31-05-2026,10:36:44,1,0,LOW
31-05-2026,10:36:44,1,0,LOW
31-05-2026,10:36:45,1,0,LOW
31-05-2026,10:36:45,1,0,LOW
31-05-2026,10:36:45,1,0,LOW
31-05-2026,10:36:46,1,0,LOW
31-05-2026,10:36:46,1,0,LOW
31-05-2026,10:36:46,1,0,LOW
31-05-2026,10:36:46,1,0,LOW
31-05-2026,10:36:47,1,0,LOW
31-05-2026,10:36:47,1,0,LOW
31-05-2026,10:36:47,1,0,LOW
31-05-2026,10:36:48,1,0,LOW
31-05-2026,10:36:48,1,0,LOW
31-05-2026,10:36:48,1,0,LOW
31-05-2026,10:36:49,1,0,LOW
31-05-2026,10:36:49,1,0,LOW
31-05-2026,10:36:49,1,0,LOW
31-05-2026,10:36:50,1,0,LOW
31-05-2026,10:36:50,1,0,LOW
31-05-2026,10:36:50,1,0,LOW
31-05-2026,10:36:51,1,0,LOW
31-05-2026,10:36:51,1,0,LOW
31-05-2026,10:36:51,1,0,LOW
31-05-2026,10:36:51,1,0,LOW
31-05-2026,10:36:52,1,0,LOW
31-05-2026,10:36:52,1,0,LOW
31-05-2026,10:36:52,1,0,LOW
31-05-2026,10:36:53,1,0,LOW
31-05-2026,10:36:53,1,0,LOW
31-05-2026,10:36:53,1,0,LOW
31-05-2026,10:36:54,1,0,LOW
31-05-2026,10:36:54,1,0,LOW
31-05-2026,10:36:54,1,0,LOW
31-05-2026,10:36:54,1,0,LOW
31-05-2026,10:36:55,1,0,LOW
31-05-2026,10:36:55,1,0,LOW
31-05-2026,10:36:55,1,0,LOW
31-05-2026,10:36:56,1,0,LOW
31-05-2026,10:36:56,2,0,LOW
31-05-2026,10:36:56,2,0,LOW
31-05-2026,10:36:57,1,0,LOW
31-05-2026,10:36:57,2,0,LOW
31-05-2026,10:36:57,2,0,LOW
31-05-2026,10:36:58,2,0,LOW
31-05-2026,10:36:58,2,0,LOW
31-05-2026,10:36:58,2,0,LOW
31-05-2026,10:36:58,2,0,LOW
31-05-2026,10:36:59,2,0,LOW
31-05-2026,10:36:59,1,0,LOW
31-05-2026,10:36:59,2,0,LOW
31-05-2026,10:37:00,2,0,LOW
31-05-2026,10:37:00,2,0,LOW
31-05-2026,10:37:00,2,0,LOW
31-05-2026,10:37:01,2,0,LOW
31-05-2026,10:37:01,2,0,LOW
31-05-2026,10:37:01,2,0,LOW
31-05-2026,10:37:02,2,0,LOW
31-05-2026,10:37:02,1,0,LOW
31-05-2026,10:37:02,1,0,LOW
31-05-2026,10:37:03,1,0,LOW
31-05-2026,10:37:03,1,0,LOW
31-05-2026,10:37:03,1,0,LOW
31-05-2026,10:37:03,1,0,LOW
31-05-2026,10:37:04,1,0,LOW
31-05-2026,10:37:04,1,0,LOW
31-05-2026,10:37:04,1,0,LOW
31-05-2026,10:37:05,1,0,LOW
31-05-2026,10:37:05,1,0,LOW
31-05-2026,10:37:05,1,0,LOW
31-05-2026,10:37:06,1,0,LOW
31-05-2026,10:37:06,1,0,LOW
31-05-2026,10:37:06,1,0,LOW
31-05-2026,10:37:07,1,0,LOW
31-05-2026,10:37:07,1,0,LOW
31-05-2026,10:37:07,1,0,LOW
31-05-2026,10:37:08,2,0,LOW
31-05-2026,10:37:08,2,0,LOW
31-05-2026,10:37:08,2,0,LOW
31-05-2026,10:37:08,2,0,LOW
31-05-2026,10:37:09,2,0,LOW
31-05-2026,10:37:09,2,0,LOW
31-05-2026,10:37:09,2,0,LOW
31-05-2026,10:37:10,2,0,LOW
31-05-2026,10:37:10,2,0,LOW
31-05-2026,10:37:10,2,0,LOW
31-05-2026,10:37:11,2,0,LOW
31-05-2026,10:37:11,2,0,LOW
31-05-2026,10:37:11,2,0,LOW
31-05-2026,10:37:12,2,0,LOW
31-05-2026,10:37:12,2,0,LOW
31-05-2026,10:37:12,2,0,LOW
31-05-2026,10:37:13,1,0,LOW
31-05-2026,10:37:13,1,0,LOW
31-05-2026,10:37:13,1,0,LOW
31-05-2026,10:37:13,1,0,LOW
31-05-2026,10:37:14,1,0,LOW
31-05-2026,10:37:14,1,0,LOW
31-05-2026,10:37:14,1,0,LOW
31-05-2026,10:37:15,1,0,LOW
31-05-2026,10:37:15,1,0,LOW
31-05-2026,10:37:15,1,0,LOW
31-05-2026,10:37:16,1,0,LOW
31-05-2026,10:37:16,1,0,LOW
31-05-2026,10:37:16,1,0,LOW
31-05-2026,10:37:17,1,0,LOW
31-05-2026,10:37:17,1,0,LOW
31-05-2026,10:37:17,1,0,LOW
31-05-2026,10:37:17,1,0,LOW
31-05-2026,10:37:18,1,0,LOW
31-05-2026,10:37:18,1,0,LOW
31-05-2026,10:37:18,1,0,LOW
31-05-2026,10:37:19,1,0,LOW
31-05-2026,10:37:19,1,0,LOW
31-05-2026,10:37:19,1,0,LOW
31-05-2026,10:37:20,1,0,LOW
31-05-2026,10:37:20,1,0,LOW
31-05-2026,10:37:20,1,0,LOW
31-05-2026,10:37:21,1,0,LOW
31-05-2026,10:37:21,1,0,LOW
31-05-2026,10:37:21,1,0,LOW
31-05-2026,10:37:21,1,0,LOW
31-05-2026,10:37:22,1,0,LOW
31-05-2026,10:37:22,1,0,LOW
31-05-2026,10:37:22,1,0,LOW
31-05-2026,10:37:23,1,0,LOW
31-05-2026,10:37:23,1,0,LOW
31-05-2026,10:37:23,1,0,LOW
31-05-2026,10:37:24,1,0,LOW
31-05-2026,10:37:24,1,0,LOW
31-05-2026,10:37:24,1,0,LOW
31-05-2026,10:37:25,1,0,LOW
31-05-2026,10:37:25,1,0,LOW
31-05-2026,10:37:25,1,0,LOW
31-05-2026,10:37:26,1,0,LOW
31-05-2026,10:37:26,1,0,LOW
31-05-2026,10:37:26,1,0,LOW
31-05-2026,10:37:26,1,0,LOW
31-05-2026,10:37:27,1,0,LOW
31-05-2026,10:37:27,1,0,LOW
31-05-2026,10:37:27,1,0,LOW
31-05-2026,10:37:28,1,0,LOW
31-05-2026,10:37:28,1,0,LOW
31-05-2026,10:37:28,1,0,LOW
31-05-2026,10:37:29,1,0,LOW
31-05-2026,10:37:29,1,0,LOW
31-05-2026,10:37:29,1,0,LOW
31-05-2026,10:37:30,1,0,LOW
31-05-2026,10:37:30,1,0,LOW
31-05-2026,10:37:30,1,0,LOW
31-05-2026,10:37:30,1,0,LOW
31-05-2026,10:37:31,1,0,LOW
31-05-2026,10:37:31,1,0,LOW
31-05-2026,10:37:31,1,0,LOW
31-05-2026,10:37:32,1,0,LOW
31-05-2026,10:37:32,1,0,LOW
31-05-2026,10:37:32,1,0,LOW
31-05-2026,10:37:33,1,0,LOW
31-05-2026,10:37:33,2,0,LOW
31-05-2026,10:37:33,2,0,LOW
31-05-2026,10:37:34,2,0,LOW
31-05-2026,10:37:34,2,0,LOW
31-05-2026,10:37:34,2,0,LOW
31-05-2026,10:37:35,1,0,LOW
31-05-2026,10:37:35,1,0,LOW
31-05-2026,10:37:35,2,0,LOW
31-05-2026,10:37:36,3,2,LOW
31-05-2026,10:37:36,3,2,LOW
31-05-2026,10:37:36,1,1,LOW
31-05-2026,10:37:36,4,3,LOW
31-05-2026,10:37:37,3,2,LOW
31-05-2026,10:37:37,4,3,LOW
31-05-2026,10:37:37,4,3,LOW
31-05-2026,10:37:38,2,2,LOW
31-05-2026,10:37:38,2,2,LOW
31-05-2026,10:37:38,5,4,LOW
31-05-2026,10:37:39,4,3,LOW
31-05-2026,10:37:39,6,4,LOW
31-05-2026,10:37:39,7,5,MEDIUM
31-05-2026,10:37:40,5,3,LOW
31-05-2026,10:37:40,4,3,LOW
31-05-2026,10:37:40,3,3,LOW
31-05-2026,10:37:41,5,3,LOW
31-05-2026,10:37:41,8,6,MEDIUM
31-05-2026,10:37:41,7,4,LOW
31-05-2026,10:37:41,8,5,MEDIUM
31-05-2026,10:37:42,9,6,MEDIUM
31-05-2026,10:37:42,6,3,LOW
31-05-2026,10:37:42,7,5,MEDIUM
31-05-2026,10:37:43,5,4,LOW
31-05-2026,10:37:43,8,5,MEDIUM
31-05-2026,10:37:43,8,5,MEDIUM
31-05-2026,10:37:44,8,6,MEDIUM
31-05-2026,10:37:44,8,6,MEDIUM
31-05-2026,10:37:44,10,7,MEDIUM
31-05-2026,10:37:45,9,6,MEDIUM
31-05-2026,10:37:45,8,6,MEDIUM
31-05-2026,10:37:45,8,6,MEDIUM
31-05-2026,10:37:46,8,6,MEDIUM
31-05-2026,10:37:46,7,5,MEDIUM
31-05-2026,10:37:46,7,5,MEDIUM
31-05-2026,10:37:46,7,5,MEDIUM
31-05-2026,10:37:47,8,6,MEDIUM
31-05-2026,10:37:47,8,6,MEDIUM
31-05-2026,10:37:47,7,6,MEDIUM
31-05-2026,10:37:48,7,5,MEDIUM
31-05-2026,10:37:48,7,5,MEDIUM
31-05-2026,10:37:48,7,5,MEDIUM
31-05-2026,10:37:49,5,4,LOW
31-05-2026,10:37:49,4,3,LOW
31-05-2026,10:37:49,6,4,LOW
31-05-2026,10:37:50,2,2,LOW
31-05-2026,10:37:50,4,3,LOW
31-05-2026,10:37:50,5,4,LOW
31-05-2026,10:37:51,6,5,MEDIUM
31-05-2026,10:37:51,6,4,LOW
31-05-2026,10:37:51,5,3,LOW
31-05-2026,10:37:52,7,4,LOW
31-05-2026,10:37:52,5,3,LOW
31-05-2026,10:37:52,6,4,LOW
31-05-2026,10:37:53,4,3,LOW
31-05-2026,10:37:53,7,4,LOW
31-05-2026,10:37:53,8,6,MEDIUM
31-05-2026,10:37:53,7,5,MEDIUM
31-05-2026,10:37:54,10,7,MEDIUM
31-05-2026,10:37:54,9,6,MEDIUM
31-05-2026,10:37:54,9,7,MEDIUM
31-05-2026,10:37:55,10,7,MEDIUM
31-05-2026,10:37:55,6,4,LOW
31-05-2026,10:37:55,5,4,LOW
31-05-2026,10:37:56,9,5,MEDIUM
31-05-2026,10:37:56,9,6,MEDIUM
31-05-2026,10:37:56,7,5,MEDIUM
31-05-2026,10:37:57,7,5,MEDIUM
31-05-2026,10:37:57,8,5,MEDIUM
31-05-2026,10:37:57,8,6,MEDIUM
31-05-2026,10:37:58,6,4,LOW
31-05-2026,10:37:58,9,7,MEDIUM
31-05-2026,10:37:58,5,4,LOW
31-05-2026,10:37:59,7,4,LOW
31-05-2026,10:37:59,8,6,MEDIUM
31-05-2026,10:37:59,8,6,MEDIUM
31-05-2026,10:38:00,9,6,MEDIUM
31-05-2026,10:38:00,9,6,MEDIUM
31-05-2026,10:38:00,8,5,MEDIUM
31-05-2026,10:38:01,7,4,LOW
31-05-2026,10:38:01,10,7,MEDIUM
31-05-2026,10:38:01,7,5,MEDIUM
31-05-2026,10:38:02,6,4,LOW
31-05-2026,10:38:02,8,6,MEDIUM
31-05-2026,10:38:02,8,6,MEDIUM
31-05-2026,10:38:02,7,5,MEDIUM
31-05-2026,10:38:03,8,6,MEDIUM
31-05-2026,10:38:03,8,5,MEDIUM
31-05-2026,10:38:03,6,4,LOW
31-05-2026,10:38:04,8,6,MEDIUM
31-05-2026,10:38:04,7,5,MEDIUM
31-05-2026,10:38:04,5,3,LOW
31-05-2026,10:38:05,4,3,LOW
31-05-2026,10:38:05,5,3,LOW
31-05-2026,10:38:05,7,4,LOW
31-05-2026,10:38:06,6,4,LOW
31-05-2026,10:38:06,1,0,LOW
31-05-2026,10:38:06,0,0,LOW
31-05-2026,10:38:07,1,0,LOW
31-05-2026,10:38:07,1,0,LOW
31-05-2026,10:38:07,1,0,LOW
31-05-2026,10:38:08,1,0,LOW
31-05-2026,10:38:08,1,0,LOW
31-05-2026,10:38:08,1,0,LOW
31-05-2026,10:38:08,1,0,LOW
31-05-2026,10:38:09,1,0,LOW
31-05-2026,10:38:09,2,0,LOW
31-05-2026,10:38:09,0,0,LOW
31-05-2026,10:38:10,1,0,LOW
31-05-2026,10:38:10,1,0,LOW
31-05-2026,10:38:10,1,1,LOW
31-05-2026,10:38:11,4,4,LOW
31-05-2026,10:38:11,8,8,MEDIUM
31-05-2026,10:38:11,0,0,LOW
31-05-2026,10:38:12,0,0,LOW
31-05-2026,10:38:12,0,0,LOW
31-05-2026,10:38:12,5,5,MEDIUM
31-05-2026,10:38:13,8,8,MEDIUM
31-05-2026,10:38:13,8,8,MEDIUM
31-05-2026,10:38:13,8,8,MEDIUM
31-05-2026,10:38:14,12,12,HIGH
31-05-2026,10:38:14,11,11,HIGH
31-05-2026,10:38:14,16,16,HIGH
31-05-2026,10:38:15,14,14,HIGH
31-05-2026,10:38:15,13,13,HIGH
31-05-2026,10:38:15,16,16,HIGH
31-05-2026,10:38:16,19,19,HIGH
31-05-2026,10:38:16,14,14,HIGH
31-05-2026,10:38:16,19,19,HIGH
31-05-2026,10:38:17,17,17,HIGH
31-05-2026,10:38:17,12,12,HIGH
31-05-2026,10:38:18,15,15,HIGH
31-05-2026,10:38:18,15,15,HIGH
31-05-2026,10:38:18,15,15,HIGH
31-05-2026,10:38:19,16,16,HIGH
31-05-2026,10:38:19,14,14,HIGH
31-05-2026,10:38:19,12,12,HIGH
31-05-2026,10:38:20,15,15,HIGH
31-05-2026,10:38:20,17,17,HIGH
31-05-2026,10:38:20,18,18,HIGH
31-05-2026,10:38:21,15,15,HIGH
31-05-2026,10:38:21,13,13,HIGH
31-05-2026,10:38:21,12,12,HIGH
31-05-2026,10:38:22,16,16,HIGH
31-05-2026,10:38:22,15,15,HIGH
31-05-2026,10:38:22,10,10,HIGH
31-05-2026,10:38:23,17,17,HIGH
31-05-2026,10:38:23,14,14,HIGH
31-05-2026,10:38:23,11,11,HIGH
31-05-2026,10:38:24,18,18,HIGH
31-05-2026,10:38:24,12,12,HIGH
31-05-2026,10:38:24,7,7,MEDIUM
31-05-2026,10:38:25,14,14,HIGH
31-05-2026,10:38:25,6,6,MEDIUM
31-05-2026,10:38:25,7,7,MEDIUM
31-05-2026,10:38:26,11,11,HIGH
31-05-2026,10:38:26,12,12,HIGH
31-05-2026,10:38:26,6,6,MEDIUM
31-05-2026,10:38:27,8,8,MEDIUM
31-05-2026,10:38:27,8,8,MEDIUM
31-05-2026,10:38:27,8,8,MEDIUM
31-05-2026,10:38:27,10,10,HIGH
31-05-2026,10:38:28,5,5,MEDIUM
31-05-2026,10:38:28,14,14,HIGH
31-05-2026,10:38:28,16,16,HIGH
31-05-2026,10:38:29,14,14,HIGH
31-05-2026,10:38:29,16,16,HIGH
31-05-2026,10:38:29,13,13,HIGH
31-05-2026,10:38:30,8,8,MEDIUM
31-05-2026,10:38:30,6,6,MEDIUM
31-05-2026,10:38:30,6,6,MEDIUM
31-05-2026,10:38:31,4,4,LOW
31-05-2026,10:38:31,4,4,LOW
31-05-2026,10:38:31,0,0,LOW
31-05-2026,10:38:32,3,3,LOW
31-05-2026,10:38:32,1,1,LOW
31-05-2026,10:38:32,1,1,LOW
31-05-2026,10:38:33,1,1,LOW
31-05-2026,10:38:33,1,1,LOW
31-05-2026,10:38:33,0,0,LOW
31-05-2026,10:38:34,2,2,LOW
31-05-2026,10:38:34,2,2,LOW
31-05-2026,10:38:34,0,0,LOW
31-05-2026,10:38:35,1,1,LOW
31-05-2026,10:38:35,0,0,LOW
31-05-2026,10:38:35,0,0,LOW
31-05-2026,10:38:36,0,0,LOW
31-05-2026,10:38:36,2,2,LOW
31-05-2026,10:38:36,2,2,LOW
31-05-2026,10:38:37,1,1,LOW
31-05-2026,10:38:37,2,2,LOW
31-05-2026,10:38:37,2,2,LOW
31-05-2026,10:38:38,0,0,LOW
31-05-2026,10:38:38,0,0,LOW
31-05-2026,10:38:38,0,0,LOW
31-05-2026,10:38:39,1,0,LOW
31-05-2026,10:38:39,1,0,LOW
31-05-2026,10:38:39,1,0,LOW
31-05-2026,10:38:39,1,0,LOW
31-05-2026,10:38:40,0,0,LOW
31-05-2026,10:38:40,0,0,LOW
31-05-2026,10:38:40,1,0,LOW
31-05-2026,10:38:41,0,0,LOW
31-05-2026,10:38:41,1,0,LOW
31-05-2026,10:38:41,0,0,LOW
31-05-2026,10:38:42,0,0,LOW
31-05-2026,10:38:42,0,0,LOW
31-05-2026,10:38:42,1,0,LOW
31-05-2026,10:38:43,1,0,LOW
31-05-2026,10:38:43,1,0,LOW
31-05-2026,10:38:43,1,0,LOW
31-05-2026,10:38:44,0,0,LOW
31-05-2026,10:38:44,1,0,LOW
31-05-2026,10:38:44,0,0,LOW
31-05-2026,10:38:45,0,0,LOW
31-05-2026,10:38:45,1,0,LOW
31-05-2026,10:38:45,1,0,LOW
31-05-2026,10:38:46,3,0,LOW
31-05-2026,10:38:46,1,0,LOW
31-05-2026,10:38:46,0,0,LOW
31-05-2026,10:38:47,0,0,LOW
31-05-2026,10:38:47,0,0,LOW
31-05-2026,10:38:47,17,17,HIGH
31-05-2026,10:38:48,16,16,HIGH
31-05-2026,10:38:48,17,17,HIGH
31-05-2026,10:38:48,16,16,HIGH
31-05-2026,10:38:49,16,16,HIGH
31-05-2026,10:38:49,18,18,HIGH
31-05-2026,10:38:49,11,11,HIGH
31-05-2026,10:38:50,17,17,HIGH
31-05-2026,10:38:50,13,13,HIGH
31-05-2026,10:38:50,15,15,HIGH
31-05-2026,10:38:50,14,14,HIGH
31-05-2026,10:38:51,17,17,HIGH
31-05-2026,10:38:51,17,17,HIGH
31-05-2026,10:38:51,18,18,HIGH
31-05-2026,10:38:52,16,16,HIGH
31-05-2026,10:38:52,14,14,HIGH
31-05-2026,10:38:52,15,15,HIGH
31-05-2026,10:38:53,15,15,HIGH
31-05-2026,10:38:53,16,16,HIGH
31-05-2026,10:38:53,15,15,HIGH
31-05-2026,10:38:54,19,19,HIGH
31-05-2026,10:38:54,14,14,HIGH
31-05-2026,10:38:54,18,18,HIGH
31-05-2026,10:38:55,1,1,LOW
31-05-2026,10:38:55,12,12,HIGH
31-05-2026,10:38:55,17,17,HIGH
31-05-2026,10:38:56,10,10,HIGH
31-05-2026,10:38:56,11,11,HIGH
31-05-2026,10:38:56,10,10,HIGH
31-05-2026,10:38:57,9,9,MEDIUM
31-05-2026,10:38:57,4,4,LOW
31-05-2026,10:38:57,3,3,LOW
31-05-2026,10:38:58,4,4,LOW
31-05-2026,10:38:58,4,4,LOW
31-05-2026,10:38:58,13,13,HIGH
31-05-2026,10:38:59,1,1,LOW
31-05-2026,10:38:59,11,11,HIGH
31-05-2026,10:38:59,12,12,HIGH
31-05-2026,10:39:00,5,5,MEDIUM
31-05-2026,10:39:00,6,6,MEDIUM
31-05-2026,10:39:00,12,12,HIGH
31-05-2026,10:39:01,13,13,HIGH
31-05-2026,10:39:01,16,16,HIGH
31-05-2026,10:39:01,15,15,HIGH
31-05-2026,10:39:02,19,19,HIGH
31-05-2026,10:39:02,16,16,HIGH
31-05-2026,10:39:02,17,17,HIGH
31-05-2026,10:39:03,13,13,HIGH
31-05-2026,10:39:03,15,15,HIGH
31-05-2026,10:39:03,13,13,HIGH
31-05-2026,10:39:04,4,4,LOW
31-05-2026,10:39:04,11,11,HIGH
31-05-2026,10:39:04,14,14,HIGH
31-05-2026,10:39:04,11,11,HIGH
31-05-2026,10:39:05,13,13,HIGH
31-05-2026,10:39:05,13,13,HIGH
31-05-2026,10:39:05,15,15,HIGH
31-05-2026,10:39:06,13,13,HIGH
31-05-2026,10:39:06,16,16,HIGH
31-05-2026,10:39:06,14,14,HIGH
31-05-2026,10:39:07,11,11,HIGH
31-05-2026,10:39:07,15,15,HIGH
31-05-2026,10:39:07,12,12,HIGH
31-05-2026,10:39:08,13,13,HIGH
31-05-2026,10:39:08,12,12,HIGH
31-05-2026,10:39:08,13,13,HIGH
31-05-2026,10:39:09,11,11,HIGH
31-05-2026,10:39:09,11,11,HIGH
31-05-2026,10:39:09,14,14,HIGH
31-05-2026,10:39:10,16,16,HIGH
31-05-2026,10:39:10,12,12,HIGH
31-05-2026,10:39:10,15,15,HIGH
31-05-2026,10:39:11,13,13,HIGH
31-05-2026,10:39:11,14,14,HIGH
31-05-2026,10:39:11,9,9,MEDIUM
31-05-2026,10:39:12,10,10,HIGH
31-05-2026,10:39:12,9,9,MEDIUM
31-05-2026,10:39:12,6,6,MEDIUM
31-05-2026,10:39:13,2,2,LOW
31-05-2026,10:39:13,6,6,MEDIUM
31-05-2026,10:39:13,0,0,LOW
31-05-2026,10:39:14,0,0,LOW
31-05-2026,10:39:14,0,0,LOW
31-05-2026,10:39:14,0,0,LOW
31-05-2026,10:39:15,0,0,LOW
31-05-2026,10:39:15,0,0,LOW
31-05-2026,10:39:15,0,0,LOW
31-05-2026,10:39:15,0,0,LOW
31-05-2026,10:39:16,2,2,LOW
31-05-2026,10:39:16,1,1,LOW
31-05-2026,10:39:16,2,2,LOW
31-05-2026,10:39:17,7,7,MEDIUM
31-05-2026,10:39:17,0,0,LOW
31-05-2026,10:39:17,1,1,LOW
31-05-2026,10:39:18,0,0,LOW
31-05-2026,10:39:18,1,1,LOW
31-05-2026,10:39:18,0,0,LOW
31-05-2026,10:39:19,0,0,LOW
31-05-2026,10:39:19,1,1,LOW
31-05-2026,10:39:19,2,2,LOW
31-05-2026,10:39:20,7,7,MEDIUM
31-05-2026,10:39:20,5,5,MEDIUM
31-05-2026,10:39:20,7,7,MEDIUM
31-05-2026,10:39:21,9,9,MEDIUM
31-05-2026,10:39:21,5,5,MEDIUM
31-05-2026,10:39:21,7,7,MEDIUM
31-05-2026,10:39:22,10,10,HIGH
31-05-2026,10:39:22,10,10,HIGH
31-05-2026,10:39:22,12,12,HIGH
31-05-2026,10:39:22,11,11,HIGH
31-05-2026,10:39:23,9,9,MEDIUM
31-05-2026,10:39:23,10,10,HIGH
31-05-2026,10:39:23,10,10,HIGH
31-05-2026,10:39:24,14,14,HIGH
31-05-2026,10:39:24,15,15,HIGH
31-05-2026,10:39:24,13,13,HIGH
31-05-2026,10:39:25,7,7,MEDIUM
31-05-2026,10:39:25,1,0,LOW
31-05-2026,10:39:25,1,0,LOW
31-05-2026,10:39:26,1,0,LOW
31-05-2026,10:39:26,1,0,LOW
31-05-2026,10:39:26,1,0,LOW
31-05-2026,10:39:27,1,0,LOW
31-05-2026,10:39:27,1,0,LOW
31-05-2026,10:39:27,1,0,LOW
31-05-2026,10:39:28,1,0,LOW
31-05-2026,10:39:28,1,0,LOW
31-05-2026,10:39:28,1,0,LOW
31-05-2026,10:39:29,1,0,LOW
31-05-2026,10:39:29,1,0,LOW
31-05-2026,10:39:29,1,0,LOW
31-05-2026,10:39:30,1,0,LOW
31-05-2026,10:39:30,1,0,LOW
31-05-2026,10:39:30,3,3,LOW
31-05-2026,10:39:31,0,0,LOW
31-05-2026,10:39:31,0,0,LOW
31-05-2026,10:39:31,0,0,LOW
31-05-2026,10:39:32,0,0,LOW
31-05-2026,10:39:32,0,0,LOW
31-05-2026,10:39:32,0,0,LOW
31-05-2026,10:39:33,0,0,LOW
31-05-2026,10:39:33,0,0,LOW
31-05-2026,10:39:33,1,1,LOW
31-05-2026,10:39:33,1,1,LOW
31-05-2026,10:39:34,0,0,LOW
31-05-2026,10:39:34,0,0,LOW
31-05-2026,10:39:34,0,0,LOW
31-05-2026,10:39:35,0,0,LOW
31-05-2026,10:39:35,0,0,LOW
31-05-2026,10:39:35,0,0,LOW
31-05-2026,10:39:36,0,0,LOW
31-05-2026,10:39:36,0,0,LOW
31-05-2026,10:39:36,0,0,LOW
31-05-2026,10:39:37,0,0,LOW
31-05-2026,10:39:37,0,0,LOW
31-05-2026,10:39:37,0,0,LOW
31-05-2026,10:39:38,0,0,LOW
31-05-2026,10:39:38,0,0,LOW
31-05-2026,10:39:38,0,0,LOW
31-05-2026,10:39:39,0,0,LOW
31-05-2026,10:39:39,0,0,LOW
31-05-2026,10:39:39,0,0,LOW
31-05-2026,10:39:40,0,0,LOW
31-05-2026,10:39:40,0,0,LOW
31-05-2026,10:39:40,0,0,LOW
31-05-2026,10:39:41,0,0,LOW
31-05-2026,10:39:41,3,3,LOW
31-05-2026,10:39:41,4,4,LOW
31-05-2026,10:39:42,2,2,LOW
31-05-2026,10:39:42,2,2,LOW
31-05-2026,10:39:42,0,0,LOW
31-05-2026,10:39:42,2,2,LOW
31-05-2026,10:39:43,5,5,MEDIUM
31-05-2026,10:39:43,4,4,LOW
31-05-2026,10:39:43,4,4,LOW
31-05-2026,10:39:44,3,3,LOW
31-05-2026,10:39:44,2,2,LOW
31-05-2026,10:39:44,4,4,LOW
31-05-2026,10:39:45,3,3,LOW
31-05-2026,10:39:45,4,4,LOW
31-05-2026,10:39:45,5,5,MEDIUM
31-05-2026,10:39:46,2,2,LOW
31-05-2026,10:39:46,2,2,LOW
31-05-2026,10:39:46,4,4,LOW
31-05-2026,10:39:47,3,3,LOW
31-05-2026,10:39:47,2,2,LOW
31-05-2026,10:39:47,0,0,LOW
31-05-2026,10:39:48,1,1,LOW
31-05-2026,10:39:48,4,4,LOW
31-05-2026,10:39:48,5,5,MEDIUM
31-05-2026,10:39:49,5,5,MEDIUM
31-05-2026,10:39:49,4,4,LOW
31-05-2026,10:39:49,5,5,MEDIUM
31-05-2026,10:39:50,4,4,LOW
31-05-2026,10:39:50,5,5,MEDIUM
31-05-2026,10:39:50,4,4,LOW
31-05-2026,10:39:51,4,4,LOW
31-05-2026,10:39:51,4,4,LOW
31-05-2026,10:39:51,5,5,MEDIUM
31-05-2026,10:39:52,4,4,LOW
31-05-2026,10:39:52,4,4,LOW
31-05-2026,10:39:52,5,5,MEDIUM
31-05-2026,10:39:52,5,5,MEDIUM
31-05-2026,10:39:53,2,2,LOW
31-05-2026,10:39:53,3,3,LOW
31-05-2026,10:39:53,4,4,LOW
31-05-2026,10:39:54,3,3,LOW
31-05-2026,10:39:54,2,2,LOW
31-05-2026,10:39:54,2,2,LOW
31-05-2026,10:39:55,4,4,LOW
31-05-2026,10:39:55,3,3,LOW
31-05-2026,10:39:55,0,0,LOW
31-05-2026,10:39:56,1,0,LOW
31-05-2026,10:39:56,1,0,LOW
31-05-2026,10:39:56,1,0,LOW
31-05-2026,10:39:57,1,0,LOW
31-05-2026,10:39:57,1,0,LOW
31-05-2026,10:39:57,1,0,LOW
31-05-2026,10:39:58,1,0,LOW
31-05-2026,10:39:58,1,0,LOW
31-05-2026,10:39:58,1,0,LOW
31-05-2026,10:39:59,1,0,LOW
31-05-2026,10:39:59,1,0,LOW
31-05-2026,10:39:59,1,0,LOW
31-05-2026,10:40:00,1,0,LOW
31-05-2026,10:40:00,1,0,LOW
31-05-2026,10:40:00,1,0,LOW
31-05-2026,10:40:01,1,0,LOW
31-05-2026,10:40:01,1,0,LOW
31-05-2026,10:40:01,1,0,LOW
31-05-2026,10:40:02,1,0,LOW
Date,Time,Objects,Vehicles,Density
31-05-2026,10:45:42,1,0,LOW
Date,Time,Objects,Vehicles,Density
31-05-2026,10:46:14,1,0,LOW
Date,Time,Objects,Vehicles,Density
31-05-2026,10:50:46,1,0,LOW
31-05-2026,10:50:46,1,0,LOW
31-05-2026,10:50:47,1,0,LOW
31-05-2026,10:50:47,1,0,LOW
31-05-2026,10:50:47,1,0,LOW
31-05-2026,10:50:47,1,0,LOW
31-05-2026,10:50:48,1,0,LOW
31-05-2026,10:50:48,1,0,LOW
31-05-2026,10:50:48,1,0,LOW
31-05-2026,10:50:48,1,0,LOW
31-05-2026,10:50:49,1,0,LOW
31-05-2026,10:50:49,1,0,LOW
31-05-2026,10:50:49,1,0,LOW
31-05-2026,10:50:49,1,0,LOW
31-05-2026,10:50:50,1,0,LOW
31-05-2026,10:50:50,1,0,LOW
31-05-2026,10:50:50,1,0,LOW
31-05-2026,10:50:50,1,0,LOW
31-05-2026,10:50:51,1,0,LOW
31-05-2026,10:50:51,1,0,LOW
31-05-2026,10:50:51,1,0,LOW
31-05-2026,10:50:51,1,0,LOW
31-05-2026,10:50:52,1,0,LOW
31-05-2026,10:50:52,1,0,LOW
31-05-2026,10:50:52,1,0,LOW
31-05-2026,10:50:52,1,0,LOW
31-05-2026,10:50:53,1,0,LOW
31-05-2026,10:50:53,1,0,LOW
31-05-2026,10:50:53,1,0,LOW
31-05-2026,10:50:54,1,0,LOW
31-05-2026,10:50:54,1,0,LOW
31-05-2026,10:50:54,1,0,LOW
31-05-2026,10:50:54,1,0,LOW
31-05-2026,10:50:55,1,0,LOW
31-05-2026,10:50:55,1,0,LOW
31-05-2026,10:50:55,1,0,LOW
31-05-2026,10:50:55,1,0,LOW
31-05-2026,10:50:56,1,0,LOW
31-05-2026,10:50:56,1,0,LOW
31-05-2026,10:50:56,1,0,LOW
31-05-2026,10:50:56,1,0,LOW
31-05-2026,10:50:57,1,0,LOW
31-05-2026,10:50:57,1,0,LOW
31-05-2026,10:50:57,1,0,LOW
31-05-2026,10:50:57,1,0,LOW
31-05-2026,10:50:58,1,0,LOW
31-05-2026,10:50:58,1,0,LOW
31-05-2026,10:50:58,1,0,LOW
31-05-2026,10:50:59,1,0,LOW
31-05-2026,10:50:59,1,0,LOW
31-05-2026,10:50:59,1,0,LOW
31-05-2026,10:50:59,1,0,LOW
31-05-2026,10:51:00,1,0,LOW
31-05-2026,10:51:00,1,0,LOW
31-05-2026,10:51:00,1,0,LOW
31-05-2026,10:51:00,1,0,LOW
31-05-2026,10:51:01,1,0,LOW
31-05-2026,10:51:01,1,0,LOW
31-05-2026,10:51:01,1,0,LOW
31-05-2026,10:51:01,1,0,LOW
31-05-2026,10:51:02,1,0,LOW
31-05-2026,10:51:02,1,0,LOW
31-05-2026,10:51:02,1,0,LOW
31-05-2026,10:51:02,1,0,LOW
31-05-2026,10:51:03,1,0,LOW
31-05-2026,10:51:03,1,0,LOW
31-05-2026,10:51:03,2,0,LOW
31-05-2026,10:51:03,2,0,LOW
31-05-2026,10:51:04,2,0,LOW
31-05-2026,10:51:04,2,0,LOW
31-05-2026,10:51:04,2,0,LOW
31-05-2026,10:51:04,2,0,LOW
31-05-2026,10:51:05,1,0,LOW
31-05-2026,10:51:05,1,0,LOW
31-05-2026,10:51:05,2,0,LOW
31-05-2026,10:51:06,2,0,LOW
31-05-2026,10:51:06,1,0,LOW
31-05-2026,10:51:06,1,0,LOW
31-05-2026,10:51:06,2,0,LOW
31-05-2026,10:51:07,1,0,LOW
31-05-2026,10:51:07,1,0,LOW
31-05-2026,10:51:07,1,0,LOW
31-05-2026,10:51:07,1,0,LOW
31-05-2026,10:51:08,1,0,LOW
31-05-2026,10:51:08,1,0,LOW
31-05-2026,10:51:08,0,0,LOW
31-05-2026,10:51:08,1,0,LOW
31-05-2026,10:51:09,1,0,LOW
31-05-2026,10:51:09,0,0,LOW
31-05-2026,10:51:09,0,0,LOW
31-05-2026,10:51:09,0,0,LOW
31-05-2026,10:51:10,0,0,LOW
31-05-2026,10:51:10,0,0,LOW
31-05-2026,10:51:10,0,0,LOW
31-05-2026,10:51:11,0,0,LOW
31-05-2026,10:51:11,0,0,LOW
31-05-2026,10:51:11,0,0,LOW
31-05-2026,10:51:11,0,0,LOW
31-05-2026,10:51:12,0,0,LOW
31-05-2026,10:51:12,0,0,LOW
31-05-2026,10:51:12,0,0,LOW
31-05-2026,10:51:12,0,0,LOW
31-05-2026,10:51:13,0,0,LOW
31-05-2026,10:51:13,0,0,LOW
31-05-2026,10:51:13,0,0,LOW
31-05-2026,10:51:13,0,0,LOW
31-05-2026,10:51:14,0,0,LOW
31-05-2026,10:51:14,0,0,LOW
31-05-2026,10:51:14,0,0,LOW
31-05-2026,10:51:15,0,0,LOW
31-05-2026,10:51:15,0,0,LOW
31-05-2026,10:51:15,0,0,LOW
31-05-2026,10:51:15,0,0,LOW
31-05-2026,10:51:16,0,0,LOW
31-05-2026,10:51:16,0,0,LOW
31-05-2026,10:51:16,0,0,LOW
31-05-2026,10:51:17,0,0,LOW
31-05-2026,10:51:17,0,0,LOW
31-05-2026,10:51:17,0,0,LOW
31-05-2026,10:51:17,0,0,LOW
31-05-2026,10:51:18,0,0,LOW
31-05-2026,10:51:18,0,0,LOW
31-05-2026,10:51:18,0,0,LOW
31-05-2026,10:51:18,0,0,LOW
31-05-2026,10:51:19,0,0,LOW
31-05-2026,10:51:19,0,0,LOW
31-05-2026,10:51:19,0,0,LOW
31-05-2026,10:51:20,0,0,LOW
31-05-2026,10:51:20,0,0,LOW
31-05-2026,10:51:20,0,0,LOW
31-05-2026,10:51:20,0,0,LOW
31-05-2026,10:51:21,0,0,LOW
31-05-2026,10:51:21,0,0,LOW
31-05-2026,10:51:21,0,0,LOW
31-05-2026,10:51:22,0,0,LOW
31-05-2026,10:51:22,0,0,LOW
31-05-2026,10:51:22,0,0,LOW
31-05-2026,10:51:22,0,0,LOW
31-05-2026,10:51:23,0,0,LOW
31-05-2026,10:51:23,0,0,LOW
31-05-2026,10:51:23,0,0,LOW
31-05-2026,10:51:24,0,0,LOW
31-05-2026,10:51:24,0,0,LOW
31-05-2026,10:51:24,0,0,LOW
31-05-2026,10:51:24,0,0,LOW
31-05-2026,10:51:25,0,0,LOW
31-05-2026,10:51:25,0,0,LOW
31-05-2026,10:51:25,0,0,LOW
31-05-2026,10:51:25,0,0,LOW
31-05-2026,10:51:26,0,0,LOW
31-05-2026,10:51:26,0,0,LOW
31-05-2026,10:51:26,0,0,LOW
31-05-2026,10:51:27,1,1,LOW
31-05-2026,10:51:27,0,0,LOW
31-05-2026,10:51:27,0,0,LOW
31-05-2026,10:51:28,0,0,LOW
31-05-2026,10:51:28,0,0,LOW
31-05-2026,10:51:28,0,0,LOW
31-05-2026,10:51:28,0,0,LOW
31-05-2026,10:51:29,0,0,LOW
31-05-2026,10:51:29,0,0,LOW
31-05-2026,10:51:29,0,0,LOW
31-05-2026,10:51:30,0,0,LOW
31-05-2026,10:51:30,0,0,LOW
31-05-2026,10:51:30,0,0,LOW
31-05-2026,10:51:30,0,0,LOW
31-05-2026,10:51:31,0,0,LOW
31-05-2026,10:51:31,0,0,LOW
31-05-2026,10:51:31,0,0,LOW
31-05-2026,10:51:32,0,0,LOW
31-05-2026,10:51:32,0,0,LOW
31-05-2026,10:51:32,0,0,LOW
31-05-2026,10:51:32,0,0,LOW
31-05-2026,10:51:33,0,0,LOW
31-05-2026,10:51:33,1,1,LOW
31-05-2026,10:51:33,0,0,LOW
31-05-2026,10:51:34,0,0,LOW
31-05-2026,10:51:34,1,0,LOW
31-05-2026,10:51:34,1,0,LOW
31-05-2026,10:51:34,1,0,LOW
31-05-2026,10:51:35,0,0,LOW
31-05-2026,10:51:35,0,0,LOW
31-05-2026,10:51:35,1,0,LOW
31-05-2026,10:51:36,1,0,LOW
31-05-2026,10:51:36,1,0,LOW
31-05-2026,10:51:36,0,0,LOW
31-05-2026,10:51:36,0,0,LOW
31-05-2026,10:51:37,0,0,LOW
31-05-2026,10:51:37,1,0,LOW
31-05-2026,10:51:37,1,0,LOW
31-05-2026,10:51:38,2,0,LOW
31-05-2026,10:51:38,1,0,LOW
31-05-2026,10:51:38,0,0,LOW
31-05-2026,10:51:38,0,0,LOW
31-05-2026,10:51:39,0,0,LOW
31-05-2026,10:51:39,0,0,LOW
31-05-2026,10:51:39,0,0,LOW
31-05-2026,10:51:40,0,0,LOW
31-05-2026,10:51:40,0,0,LOW
31-05-2026,10:51:40,0,0,LOW
31-05-2026,10:51:41,0,0,LOW
31-05-2026,10:51:41,0,0,LOW
31-05-2026,10:51:41,0,0,LOW
31-05-2026,10:51:41,0,0,LOW
31-05-2026,10:51:42,0,0,LOW
31-05-2026,10:51:42,0,0,LOW
31-05-2026,10:51:42,0,0,LOW
31-05-2026,10:51:43,0,0,LOW
31-05-2026,10:51:43,0,0,LOW
31-05-2026,10:51:43,0,0,LOW
31-05-2026,10:51:43,0,0,LOW
31-05-2026,10:51:44,0,0,LOW
31-05-2026,10:51:44,0,0,LOW
31-05-2026,10:51:44,0,0,LOW
31-05-2026,10:51:45,0,0,LOW
31-05-2026,10:51:45,0,0,LOW
31-05-2026,10:51:45,0,0,LOW
31-05-2026,10:51:45,0,0,LOW
31-05-2026,10:51:46,0,0,LOW
31-05-2026,10:51:46,0,0,LOW
31-05-2026,10:51:46,0,0,LOW
31-05-2026,10:51:47,0,0,LOW
31-05-2026,10:51:47,0,0,LOW
31-05-2026,10:51:47,0,0,LOW
31-05-2026,10:51:48,0,0,LOW
31-05-2026,10:51:48,0,0,LOW
31-05-2026,10:51:48,0,0,LOW
31-05-2026,10:51:48,0,0,LOW
31-05-2026,10:51:49,0,0,LOW
31-05-2026,10:51:49,0,0,LOW
31-05-2026,10:51:49,0,0,LOW
31-05-2026,10:51:50,0,0,LOW
31-05-2026,10:51:50,0,0,LOW
31-05-2026,10:51:50,0,0,LOW
31-05-2026,10:51:51,0,0,LOW
31-05-2026,10:51:51,0,0,LOW
31-05-2026,10:51:51,0,0,LOW
31-05-2026,10:51:52,0,0,LOW
31-05-2026,10:51:52,0,0,LOW
31-05-2026,10:51:52,0,0,LOW
31-05-2026,10:51:52,0,0,LOW
31-05-2026,10:51:53,0,0,LOW
31-05-2026,10:51:53,0,0,LOW
31-05-2026,10:51:53,0,0,LOW
31-05-2026,10:51:54,1,0,LOW
31-05-2026,10:51:54,1,0,LOW
31-05-2026,10:51:54,1,0,LOW
31-05-2026,10:51:55,1,0,LOW
31-05-2026,10:51:55,1,0,LOW
31-05-2026,10:51:55,1,0,LOW
31-05-2026,10:51:56,1,0,LOW
31-05-2026,10:51:56,1,0,LOW
31-05-2026,10:51:56,1,0,LOW
31-05-2026,10:51:56,1,0,LOW
31-05-2026,10:51:57,1,0,LOW
31-05-2026,10:51:57,1,0,LOW
31-05-2026,10:51:57,1,0,LOW
31-05-2026,10:51:58,1,0,LOW
31-05-2026,10:51:58,1,0,LOW
31-05-2026,10:51:58,1,0,LOW
31-05-2026,10:51:59,1,0,LOW
31-05-2026,10:51:59,1,0,LOW
31-05-2026,10:52:00,1,0,LOW
31-05-2026,10:52:00,1,0,LOW
31-05-2026,10:52:00,1,0,LOW
31-05-2026,10:52:01,1,0,LOW
31-05-2026,10:52:01,1,0,LOW
31-05-2026,10:52:01,1,0,LOW
31-05-2026,10:52:02,1,0,LOW
31-05-2026,10:52:02,1,0,LOW
31-05-2026,10:52:02,1,0,LOW
31-05-2026,10:52:03,1,0,LOW
Date,Time,Objects,Vehicles,Density
31-05-2026,10:53:34,1,0,LOW
31-05-2026,10:53:34,1,0,LOW
31-05-2026,10:53:34,1,0,LOW
31-05-2026,10:53:35,1,0,LOW
31-05-2026,10:53:35,1,0,LOW
31-05-2026,10:53:35,1,0,LOW
31-05-2026,10:53:35,1,0,LOW
31-05-2026,10:53:36,1,0,LOW
31-05-2026,10:53:36,1,0,LOW
31-05-2026,10:53:36,1,0,LOW
31-05-2026,10:53:36,1,0,LOW
31-05-2026,10:53:37,1,0,LOW
31-05-2026,10:53:37,1,0,LOW
31-05-2026,10:53:37,1,0,LOW
31-05-2026,10:53:38,1,0,LOW
31-05-2026,10:53:38,1,0,LOW
31-05-2026,10:53:38,1,0,LOW
31-05-2026,10:53:38,1,0,LOW
31-05-2026,10:53:39,1,0,LOW
31-05-2026,10:53:39,2,0,LOW
31-05-2026,10:53:39,1,0,LOW
31-05-2026,10:53:39,1,0,LOW
31-05-2026,10:53:40,1,0,LOW
31-05-2026,10:53:40,2,0,LOW
31-05-2026,10:53:40,2,0,LOW
31-05-2026,10:53:41,1,0,LOW
31-05-2026,10:53:41,2,0,LOW
31-05-2026,10:53:41,2,0,LOW
31-05-2026,10:53:41,2,0,LOW
31-05-2026,10:53:42,2,0,LOW
31-05-2026,10:53:42,2,0,LOW
31-05-2026,10:53:42,1,0,LOW
31-05-2026,10:53:43,1,0,LOW
31-05-2026,10:53:43,2,0,LOW
31-05-2026,10:53:43,1,0,LOW
31-05-2026,10:53:43,1,0,LOW
31-05-2026,10:53:44,1,0,LOW
31-05-2026,10:53:44,1,0,LOW
31-05-2026,10:53:44,0,0,LOW
31-05-2026,10:53:44,0,0,LOW
31-05-2026,10:53:45,0,0,LOW
31-05-2026,10:53:45,0,0,LOW
31-05-2026,10:53:45,0,0,LOW
31-05-2026,10:53:46,0,0,LOW
31-05-2026,10:53:46,1,0,LOW
31-05-2026,10:53:46,0,0,LOW
31-05-2026,10:53:46,0,0,LOW
31-05-2026,10:53:47,0,0,LOW
31-05-2026,10:53:47,0,0,LOW
31-05-2026,10:53:47,0,0,LOW
31-05-2026,10:53:47,0,0,LOW
31-05-2026,10:53:48,0,0,LOW
31-05-2026,10:53:48,0,0,LOW
31-05-2026,10:53:48,0,0,LOW
31-05-2026,10:53:49,0,0,LOW
31-05-2026,10:53:49,0,0,LOW
31-05-2026,10:53:49,0,0,LOW
31-05-2026,10:53:49,0,0,LOW
31-05-2026,10:53:50,0,0,LOW
31-05-2026,10:53:50,1,0,LOW
31-05-2026,10:53:50,1,0,LOW
31-05-2026,10:53:51,1,0,LOW
31-05-2026,10:53:51,1,0,LOW
31-05-2026,10:53:51,0,0,LOW
31-05-2026,10:53:51,0,0,LOW
31-05-2026,10:53:52,1,0,LOW
31-05-2026,10:53:52,0,0,LOW
31-05-2026,10:53:52,0,0,LOW
31-05-2026,10:53:53,0,0,LOW
31-05-2026,10:53:53,1,0,LOW
31-05-2026,10:53:53,1,0,LOW
31-05-2026,10:53:53,1,0,LOW
31-05-2026,10:53:54,1,0,LOW
31-05-2026,10:53:54,0,0,LOW
31-05-2026,10:53:54,0,0,LOW
31-05-2026,10:53:55,1,0,LOW
31-05-2026,10:53:55,0,0,LOW
31-05-2026,10:53:55,0,0,LOW
31-05-2026,10:53:55,0,0,LOW
31-05-2026,10:53:56,0,0,LOW
31-05-2026,10:53:56,0,0,LOW
31-05-2026,10:53:56,1,0,LOW
31-05-2026,10:53:56,0,0,LOW
31-05-2026,10:53:57,0,0,LOW
31-05-2026,10:53:57,0,0,LOW
31-05-2026,10:53:57,0,0,LOW
31-05-2026,10:53:58,0,0,LOW
31-05-2026,10:53:58,0,0,LOW
31-05-2026,10:53:58,0,0,LOW
31-05-2026,10:53:58,0,0,LOW
31-05-2026,10:53:59,0,0,LOW
31-05-2026,10:53:59,0,0,LOW
31-05-2026,10:53:59,0,0,LOW
31-05-2026,10:54:00,0,0,LOW
31-05-2026,10:54:00,0,0,LOW
31-05-2026,10:54:00,0,0,LOW
31-05-2026,10:54:00,0,0,LOW
31-05-2026,10:54:01,0,0,LOW
31-05-2026,10:54:01,0,0,LOW
31-05-2026,10:54:01,0,0,LOW
31-05-2026,10:54:02,0,0,LOW
31-05-2026,10:54:02,0,0,LOW
31-05-2026,10:54:02,0,0,LOW
31-05-2026,10:54:02,0,0,LOW
31-05-2026,10:54:03,0,0,LOW
31-05-2026,10:54:03,0,0,LOW
31-05-2026,10:54:03,0,0,LOW
31-05-2026,10:54:04,0,0,LOW
31-05-2026,10:54:04,0,0,LOW
31-05-2026,10:54:04,0,0,LOW
31-05-2026,10:54:05,0,0,LOW
31-05-2026,10:54:05,0,0,LOW
31-05-2026,10:54:05,0,0,LOW
31-05-2026,10:54:06,1,0,LOW
31-05-2026,10:54:06,1,0,LOW
31-05-2026,10:54:06,0,0,LOW
31-05-2026,10:54:07,0,0,LOW
31-05-2026,10:54:07,0,0,LOW
31-05-2026,10:54:07,0,0,LOW
31-05-2026,10:54:08,0,0,LOW
31-05-2026,10:54:08,0,0,LOW
31-05-2026,10:54:08,0,0,LOW
31-05-2026,10:54:09,0,0,LOW
31-05-2026,10:54:09,0,0,LOW
31-05-2026,10:54:09,0,0,LOW
31-05-2026,10:54:10,0,0,LOW
31-05-2026,10:54:10,0,0,LOW
31-05-2026,10:54:10,0,0,LOW
31-05-2026,10:54:11,0,0,LOW
31-05-2026,10:54:11,0,0,LOW
31-05-2026,10:54:11,0,0,LOW
31-05-2026,10:54:11,0,0,LOW
31-05-2026,10:54:12,0,0,LOW
31-05-2026,10:54:12,0,0,LOW
31-05-2026,10:54:12,0,0,LOW
31-05-2026,10:54:13,0,0,LOW
31-05-2026,10:54:13,0,0,LOW
31-05-2026,10:54:13,0,0,LOW
31-05-2026,10:54:14,0,0,LOW
31-05-2026,10:54:14,0,0,LOW
31-05-2026,10:54:14,0,0,LOW
31-05-2026,10:54:15,0,0,LOW
31-05-2026,10:54:15,0,0,LOW
31-05-2026,10:54:15,0,0,LOW
31-05-2026,10:54:16,0,0,LOW
31-05-2026,10:54:16,0,0,LOW
31-05-2026,10:54:16,0,0,LOW
31-05-2026,10:54:17,0,0,LOW
31-05-2026,10:54:17,0,0,LOW
31-05-2026,10:54:17,1,0,LOW
31-05-2026,10:54:18,1,0,LOW
31-05-2026,10:54:18,1,0,LOW
31-05-2026,10:54:18,1,0,LOW
31-05-2026,10:54:19,1,0,LOW
31-05-2026,10:54:19,1,0,LOW
31-05-2026,10:54:19,0,0,LOW
31-05-2026,10:54:20,1,0,LOW
31-05-2026,10:54:20,1,0,LOW
31-05-2026,10:54:20,1,0,LOW
31-05-2026,10:54:21,1,0,LOW
31-05-2026,10:54:21,1,0,LOW
31-05-2026,10:54:21,1,0,LOW
31-05-2026,10:54:21,1,0,LOW
31-05-2026,10:54:22,1,0,LOW
31-05-2026,10:54:22,1,0,LOW
31-05-2026,10:54:22,1,0,LOW
31-05-2026,10:54:23,1,0,LOW
31-05-2026,10:54:23,1,0,LOW
31-05-2026,10:54:23,1,0,LOW
31-05-2026,10:54:24,1,0,LOW
31-05-2026,10:54:24,1,0,LOW
31-05-2026,10:54:24,1,0,LOW
31-05-2026,10:54:25,1,0,LOW
31-05-2026,10:54:25,1,0,LOW
31-05-2026,10:54:25,1,0,LOW
Date,Time,Objects,Vehicles,Density
31-05-2026,11:05:27,1,0,LOW
Date,Time,Objects,Vehicles,Density
31-05-2026,11:07:28,1,0,LOW
31-05-2026,11:07:28,1,0,LOW
31-05-2026,11:07:29,1,0,LOW
31-05-2026,11:07:29,1,0,LOW
31-05-2026,11:07:29,1,0,LOW
31-05-2026,11:07:30,1,0,LOW
31-05-2026,11:07:30,1,0,LOW
31-05-2026,11:07:31,1,0,LOW
31-05-2026,11:07:31,1,0,LOW
31-05-2026,11:07:31,1,0,LOW
31-05-2026,11:07:32,1,0,LOW
31-05-2026,11:07:32,1,0,LOW
31-05-2026,11:07:33,1,0,LOW
31-05-2026,11:07:33,1,0,LOW
31-05-2026,11:07:34,1,0,LOW
31-05-2026,11:07:34,1,0,LOW
31-05-2026,11:07:34,1,0,LOW
31-05-2026,11:07:35,1,0,LOW
31-05-2026,11:07:35,1,0,LOW
31-05-2026,11:07:36,1,0,LOW
31-05-2026,11:07:36,1,0,LOW
31-05-2026,11:07:37,1,0,LOW
31-05-2026,11:07:37,1,0,LOW
31-05-2026,11:07:37,1,0,LOW
31-05-2026,11:07:38,1,0,LOW
31-05-2026,11:07:38,1,0,LOW
31-05-2026,11:07:39,1,0,LOW
31-05-2026,11:07:39,1,0,LOW
31-05-2026,11:07:40,1,0,LOW
31-05-2026,11:07:40,1,0,LOW
31-05-2026,11:07:40,1,0,LOW
31-05-2026,11:07:41,1,0,LOW
31-05-2026,11:07:41,1,0,LOW
31-05-2026,11:07:42,1,0,LOW
31-05-2026,11:07:42,1,0,LOW
31-05-2026,11:07:42,1,0,LOW
31-05-2026,11:07:43,1,0,LOW
31-05-2026,11:07:43,1,0,LOW
31-05-2026,11:07:44,1,0,LOW
31-05-2026,11:07:44,1,0,LOW
31-05-2026,11:07:44,1,0,LOW
31-05-2026,11:07:45,1,0,LOW
31-05-2026,11:07:45,1,0,LOW
31-05-2026,11:07:46,1,0,LOW
31-05-2026,11:07:46,1,0,LOW
31-05-2026,11:07:47,1,0,LOW
31-05-2026,11:07:47,1,0,LOW
31-05-2026,11:07:47,1,0,LOW
31-05-2026,11:07:48,1,0,LOW
31-05-2026,11:07:48,1,0,LOW
31-05-2026,11:07:49,1,0,LOW
31-05-2026,11:07:49,1,0,LOW
31-05-2026,11:07:49,1,0,LOW
31-05-2026,11:07:50,1,0,LOW
31-05-2026,11:07:50,1,0,LOW
31-05-2026,11:07:51,1,0,LOW
31-05-2026,11:07:51,1,0,LOW
31-05-2026,11:07:51,1,0,LOW
31-05-2026,11:07:52,1,0,LOW
31-05-2026,11:07:52,1,0,LOW
31-05-2026,11:07:53,1,0,LOW
31-05-2026,11:07:53,1,0,LOW
31-05-2026,11:07:54,1,0,LOW
31-05-2026,11:07:54,1,0,LOW
31-05-2026,11:07:54,1,0,LOW
31-05-2026,11:07:55,1,0,LOW
31-05-2026,11:07:55,1,0,LOW
31-05-2026,11:07:55,1,0,LOW
31-05-2026,11:07:56,1,0,LOW
31-05-2026,11:07:56,1,0,LOW
31-05-2026,11:07:57,1,0,LOW
31-05-2026,11:07:57,1,0,LOW
31-05-2026,11:07:58,2,0,LOW
31-05-2026,11:07:58,1,0,LOW
31-05-2026,11:07:58,1,0,LOW
31-05-2026,11:07:59,1,0,LOW
31-05-2026,11:07:59,1,0,LOW
31-05-2026,11:08:00,1,0,LOW
31-05-2026,11:08:00,1,0,LOW
31-05-2026,11:08:00,2,0,LOW
31-05-2026,11:08:01,2,0,LOW
31-05-2026,11:08:01,1,0,LOW
31-05-2026,11:08:02,1,0,LOW
31-05-2026,11:08:02,2,1,LOW
31-05-2026,11:08:02,0,0,LOW
31-05-2026,11:08:03,0,0,LOW
31-05-2026,11:08:03,0,0,LOW
31-05-2026,11:08:04,0,0,LOW
31-05-2026,11:08:04,3,2,LOW
31-05-2026,11:08:05,3,3,LOW
31-05-2026,11:08:05,5,5,MEDIUM
31-05-2026,11:08:05,4,4,LOW
31-05-2026,11:08:06,2,2,LOW
31-05-2026,11:08:06,5,5,MEDIUM
31-05-2026,11:08:06,5,3,LOW
31-05-2026,11:08:07,4,3,LOW
31-05-2026,11:08:07,6,5,MEDIUM
31-05-2026,11:08:08,6,5,MEDIUM
31-05-2026,11:08:08,7,6,MEDIUM
31-05-2026,11:08:08,7,7,MEDIUM
31-05-2026,11:08:09,6,4,LOW
31-05-2026,11:08:09,9,6,MEDIUM
31-05-2026,11:08:10,6,5,MEDIUM
31-05-2026,11:08:10,7,5,MEDIUM
31-05-2026,11:08:10,4,3,LOW
31-05-2026,11:08:11,9,6,MEDIUM
31-05-2026,11:08:11,4,4,LOW
31-05-2026,11:08:12,6,5,MEDIUM
31-05-2026,11:08:12,3,1,LOW
31-05-2026,11:08:13,3,2,LOW
31-05-2026,11:08:13,2,2,LOW
31-05-2026,11:08:13,0,0,LOW
31-05-2026,11:08:14,0,0,LOW
31-05-2026,11:08:14,0,0,LOW
31-05-2026,11:08:15,1,0,LOW
31-05-2026,11:08:15,1,0,LOW
31-05-2026,11:08:15,1,0,LOW
31-05-2026,11:08:16,0,0,LOW
31-05-2026,11:08:16,0,0,LOW
31-05-2026,11:08:17,2,1,LOW
31-05-2026,11:08:17,1,0,LOW
31-05-2026,11:08:17,4,3,LOW
31-05-2026,11:08:18,1,1,LOW
31-05-2026,11:08:18,3,3,LOW
31-05-2026,11:08:19,5,4,LOW
31-05-2026,11:08:19,3,2,LOW
31-05-2026,11:08:19,1,1,LOW
31-05-2026,11:08:20,3,2,LOW
31-05-2026,11:08:20,1,1,LOW
31-05-2026,11:08:21,3,2,LOW
31-05-2026,11:08:21,1,1,LOW
31-05-2026,11:08:21,3,3,LOW
31-05-2026,11:08:22,2,2,LOW
31-05-2026,11:08:22,1,1,LOW
31-05-2026,11:08:23,2,2,LOW
31-05-2026,11:08:23,3,3,LOW
31-05-2026,11:08:23,2,2,LOW
31-05-2026,11:08:24,2,2,LOW
31-05-2026,11:08:24,3,3,LOW
31-05-2026,11:08:25,1,1,LOW
31-05-2026,11:08:25,2,2,LOW
31-05-2026,11:08:25,2,2,LOW
31-05-2026,11:08:26,2,2,LOW
31-05-2026,11:08:26,2,2,LOW
31-05-2026,11:08:27,5,4,LOW
31-05-2026,11:08:27,0,0,LOW
31-05-2026,11:08:27,3,2,LOW
31-05-2026,11:08:28,0,0,LOW
31-05-2026,11:08:28,2,0,LOW
31-05-2026,11:08:29,0,0,LOW
31-05-2026,11:08:29,0,0,LOW
31-05-2026,11:08:29,1,1,LOW
31-05-2026,11:08:30,2,2,LOW
31-05-2026,11:08:30,1,1,LOW
31-05-2026,11:08:31,5,3,LOW
31-05-2026,11:08:31,7,5,MEDIUM
31-05-2026,11:08:31,5,3,LOW
31-05-2026,11:08:32,5,3,LOW
31-05-2026,11:08:32,2,1,LOW
31-05-2026,11:08:33,2,0,LOW
31-05-2026,11:08:33,3,1,LOW
31-05-2026,11:08:33,4,2,LOW
31-05-2026,11:08:34,3,1,LOW
31-05-2026,11:08:34,3,1,LOW
31-05-2026,11:08:35,5,3,LOW
31-05-2026,11:08:35,5,3,LOW
31-05-2026,11:08:35,3,1,LOW
31-05-2026,11:08:36,3,1,LOW
31-05-2026,11:08:36,3,1,LOW
31-05-2026,11:08:37,3,1,LOW
31-05-2026,11:08:37,0,0,LOW
31-05-2026,11:08:37,2,0,LOW
31-05-2026,11:08:38,0,0,LOW
31-05-2026,11:08:38,1,0,LOW
31-05-2026,11:08:39,0,0,LOW
31-05-2026,11:08:39,1,0,LOW
31-05-2026,11:08:40,1,0,LOW
31-05-2026,11:08:40,1,0,LOW
31-05-2026,11:08:40,1,0,LOW
31-05-2026,11:08:41,1,0,LOW
31-05-2026,11:08:41,1,0,LOW
31-05-2026,11:08:42,0,0,LOW
31-05-2026,11:08:42,0,0,LOW
31-05-2026,11:08:42,0,0,LOW
31-05-2026,11:08:43,0,0,LOW
31-05-2026,11:08:43,0,0,LOW
31-05-2026,11:08:44,0,0,LOW
31-05-2026,11:08:44,0,0,LOW
31-05-2026,11:08:44,0,0,LOW
31-05-2026,11:08:45,0,0,LOW
31-05-2026,11:08:45,1,1,LOW
31-05-2026,11:08:46,4,3,LOW
31-05-2026,11:08:46,1,1,LOW
31-05-2026,11:08:46,1,1,LOW
31-05-2026,11:08:47,0,0,LOW
31-05-2026,11:08:47,0,0,LOW
31-05-2026,11:08:48,2,0,LOW
31-05-2026,11:08:48,1,0,LOW
31-05-2026,11:08:48,0,0,LOW
31-05-2026,11:08:49,0,0,LOW
31-05-2026,11:08:49,2,1,LOW
31-05-2026,11:08:50,2,2,LOW
31-05-2026,11:08:50,3,2,LOW
31-05-2026,11:08:50,4,3,LOW
31-05-2026,11:08:51,7,4,LOW
31-05-2026,11:08:51,4,2,LOW
31-05-2026,11:08:52,3,2,LOW
31-05-2026,11:08:52,8,6,MEDIUM
31-05-2026,11:08:52,1,1,LOW
31-05-2026,11:08:53,0,0,LOW
31-05-2026,11:08:53,2,1,LOW
31-05-2026,11:08:54,1,0,LOW
31-05-2026,11:08:54,1,0,LOW
31-05-2026,11:08:54,2,1,LOW
31-05-2026,11:08:55,2,0,LOW
31-05-2026,11:08:55,3,1,LOW
31-05-2026,11:08:56,5,3,LOW
31-05-2026,11:08:56,5,3,LOW
31-05-2026,11:08:56,3,1,LOW
31-05-2026,11:08:57,3,2,LOW
31-05-2026,11:08:57,5,4,LOW
31-05-2026,11:08:58,3,1,LOW
31-05-2026,11:08:58,3,2,LOW
31-05-2026,11:08:58,5,3,LOW
31-05-2026,11:08:59,2,1,LOW
31-05-2026,11:08:59,4,2,LOW
31-05-2026,11:09:00,5,3,LOW
31-05-2026,11:09:00,3,2,LOW
31-05-2026,11:09:00,4,2,LOW
31-05-2026,11:09:01,5,4,LOW
31-05-2026,11:09:01,5,3,LOW
31-05-2026,11:09:02,7,5,MEDIUM
31-05-2026,11:09:02,6,4,LOW
31-05-2026,11:09:02,6,4,LOW
31-05-2026,11:09:03,7,5,MEDIUM
31-05-2026,11:09:03,8,6,MEDIUM
31-05-2026,11:09:04,6,4,LOW
31-05-2026,11:09:04,8,6,MEDIUM
31-05-2026,11:09:04,9,6,MEDIUM
31-05-2026,11:09:05,7,5,MEDIUM
31-05-2026,11:09:05,6,4,LOW
31-05-2026,11:09:06,7,6,MEDIUM
31-05-2026,11:09:06,9,6,MEDIUM
31-05-2026,11:09:06,7,5,MEDIUM
31-05-2026,11:09:07,7,5,MEDIUM
31-05-2026,11:09:07,7,6,MEDIUM
31-05-2026,11:09:08,6,4,LOW
31-05-2026,11:09:08,6,4,LOW
31-05-2026,11:09:09,4,3,LOW
31-05-2026,11:09:09,6,5,MEDIUM
31-05-2026,11:09:09,5,3,LOW
31-05-2026,11:09:10,4,1,LOW
31-05-2026,11:09:10,2,1,LOW
31-05-2026,11:09:10,0,0,LOW
31-05-2026,11:09:11,1,0,LOW
31-05-2026,11:09:11,1,0,LOW
31-05-2026,11:09:12,1,0,LOW
31-05-2026,11:09:12,1,0,LOW
31-05-2026,11:09:12,1,0,LOW
31-05-2026,11:09:13,1,0,LOW
31-05-2026,11:09:13,1,0,LOW
31-05-2026,11:09:14,1,0,LOW
31-05-2026,11:09:14,1,0,LOW
31-05-2026,11:09:14,1,0,LOW
31-05-2026,11:09:15,1,0,LOW
31-05-2026,11:09:15,1,0,LOW
31-05-2026,11:09:16,1,0,LOW
31-05-2026,11:09:16,1,0,LOW
31-05-2026,11:09:17,1,0,LOW
31-05-2026,11:09:17,1,0,LOW
31-05-2026,11:09:17,1,0,LOW
31-05-2026,11:09:18,1,0,LOW
31-05-2026,11:09:18,1,0,LOW
31-05-2026,11:09:19,1,0,LOW
31-05-2026,11:09:19,1,0,LOW
31-05-2026,11:09:20,1,0,LOW
31-05-2026,11:09:20,1,0,LOW
31-05-2026,11:09:20,1,0,LOW
31-05-2026,11:09:21,1,0,LOW
31-05-2026,11:09:21,1,0,LOW
31-05-2026,11:09:22,1,0,LOW
31-05-2026,11:09:22,1,0,LOW
31-05-2026,11:09:23,1,0,LOW
31-05-2026,11:09:23,1,0,LOW
31-05-2026,11:09:23,1,0,LOW
31-05-2026,11:09:24,1,0,LOW
31-05-2026,11:09:24,1,0,LOW
31-05-2026,11:09:25,1,0,LOW
31-05-2026,11:09:25,1,0,LOW
31-05-2026,11:09:25,1,0,LOW
31-05-2026,11:09:26,1,0,LOW
31-05-2026,11:09:26,1,0,LOW
31-05-2026,11:09:27,0,0,LOW
31-05-2026,11:09:27,1,0,LOW
31-05-2026,11:09:27,1,0,LOW
31-05-2026,11:09:28,1,0,LOW
31-05-2026,11:09:28,1,0,LOW
31-05-2026,11:09:29,1,0,LOW
31-05-2026,11:09:29,1,0,LOW
31-05-2026,11:09:29,1,0,LOW
31-05-2026,11:09:30,1,0,LOW
31-05-2026,11:09:30,1,0,LOW
31-05-2026,11:09:31,1,0,LOW
Date,Time,Objects,Vehicles,Density
01-06-2026,23:37:49,1,0,LOW
01-06-2026,23:37:49,1,0,LOW
01-06-2026,23:37:49,1,0,LOW
01-06-2026,23:37:50,1,0,LOW
01-06-2026,23:37:50,1,0,LOW
01-06-2026,23:37:50,1,0,LOW
01-06-2026,23:37:50,1,0,LOW
01-06-2026,23:37:51,1,0,LOW
01-06-2026,23:37:51,1,0,LOW
01-06-2026,23:37:51,1,0,LOW
01-06-2026,23:37:51,1,0,LOW
01-06-2026,23:37:51,1,0,LOW
01-06-2026,23:37:52,1,0,LOW
01-06-2026,23:37:52,1,0,LOW
01-06-2026,23:37:52,1,0,LOW
01-06-2026,23:37:52,1,0,LOW
01-06-2026,23:37:53,1,0,LOW
01-06-2026,23:37:53,1,0,LOW
01-06-2026,23:37:53,1,0,LOW
01-06-2026,23:37:53,1,0,LOW
01-06-2026,23:37:54,1,0,LOW
01-06-2026,23:37:54,1,0,LOW
01-06-2026,23:37:54,1,0,LOW
01-06-2026,23:37:54,1,0,LOW
01-06-2026,23:37:55,1,0,LOW
01-06-2026,23:37:55,1,0,LOW
01-06-2026,23:37:55,1,0,LOW
01-06-2026,23:37:55,1,0,LOW
01-06-2026,23:37:56,1,0,LOW
01-06-2026,23:37:56,1,0,LOW
Date,Time,Objects,Vehicles,Density
01-06-2026,23:43:59,1,0,LOW
01-06-2026,23:44:00,1,0,LOW
01-06-2026,23:44:00,1,0,LOW
01-06-2026,23:44:00,1,0,LOW
01-06-2026,23:44:00,1,0,LOW
01-06-2026,23:44:01,1,0,LOW
01-06-2026,23:44:01,1,0,LOW
01-06-2026,23:44:01,1,0,LOW
01-06-2026,23:44:01,1,0,LOW
01-06-2026,23:44:01,1,0,LOW
01-06-2026,23:44:02,1,0,LOW
01-06-2026,23:44:02,1,0,LOW
01-06-2026,23:44:02,1,0,LOW
01-06-2026,23:44:02,1,0,LOW
01-06-2026,23:44:03,1,0,LOW
01-06-2026,23:44:03,1,0,LOW
01-06-2026,23:44:03,1,0,LOW
01-06-2026,23:44:03,1,0,LOW
01-06-2026,23:44:04,1,0,LOW
01-06-2026,23:44:04,1,0,LOW
01-06-2026,23:44:04,1,0,LOW
01-06-2026,23:44:04,1,0,LOW
01-06-2026,23:44:05,1,0,LOW
01-06-2026,23:44:05,1,0,LOW
01-06-2026,23:44:05,1,0,LOW
01-06-2026,23:44:05,1,0,LOW
01-06-2026,23:44:06,1,0,LOW
01-06-2026,23:44:06,1,0,LOW
01-06-2026,23:44:06,1,0,LOW
01-06-2026,23:44:07,1,0,LOW
01-06-2026,23:44:07,1,0,LOW
01-06-2026,23:44:07,1,0,LOW
01-06-2026,23:44:07,1,0,LOW
01-06-2026,23:44:08,1,0,LOW
01-06-2026,23:44:08,1,0,LOW
01-06-2026,23:44:08,1,0,LOW
01-06-2026,23:44:08,1,0,LOW
01-06-2026,23:44:09,1,0,LOW
01-06-2026,23:44:09,1,0,LOW
01-06-2026,23:44:09,1,0,LOW
01-06-2026,23:44:09,1,0,LOW
01-06-2026,23:44:09,1,0,LOW
01-06-2026,23:44:10,1,0,LOW
01-06-2026,23:44:10,1,0,LOW
01-06-2026,23:44:10,1,0,LOW
01-06-2026,23:44:10,1,0,LOW
01-06-2026,23:44:11,1,0,LOW
01-06-2026,23:44:11,1,0,LOW
01-06-2026,23:44:11,1,0,LOW
01-06-2026,23:44:11,1,0,LOW
01-06-2026,23:44:12,1,0,LOW
01-06-2026,23:44:12,1,0,LOW
01-06-2026,23:44:12,1,0,LOW
01-06-2026,23:44:12,1,0,LOW
01-06-2026,23:44:13,1,0,LOW
01-06-2026,23:44:13,1,0,LOW
01-06-2026,23:44:13,1,0,LOW
01-06-2026,23:44:13,1,0,LOW
01-06-2026,23:44:14,1,0,LOW
01-06-2026,23:44:14,1,0,LOW
01-06-2026,23:44:14,1,0,LOW
01-06-2026,23:44:14,1,0,LOW
01-06-2026,23:44:15,1,0,LOW
01-06-2026,23:44:15,1,0,LOW
01-06-2026,23:44:15,1,0,LOW
01-06-2026,23:44:15,1,0,LOW
01-06-2026,23:44:16,1,0,LOW
01-06-2026,23:44:16,1,0,LOW
01-06-2026,23:44:16,1,0,LOW
01-06-2026,23:44:16,1,0,LOW
01-06-2026,23:44:17,1,0,LOW
01-06-2026,23:44:17,1,0,LOW
01-06-2026,23:44:17,1,0,LOW
01-06-2026,23:44:17,1,0,LOW
01-06-2026,23:44:18,1,0,LOW
01-06-2026,23:44:18,1,0,LOW
01-06-2026,23:44:18,1,0,LOW
Date,Time,Objects,Vehicles,Density
02-06-2026,11:08:15,1,0,LOW
02-06-2026,11:08:16,1,0,LOW
02-06-2026,11:08:16,1,0,LOW
02-06-2026,11:08:17,1,0,LOW
02-06-2026,11:08:17,1,0,LOW
02-06-2026,11:08:18,1,0,LOW
02-06-2026,11:08:18,1,0,LOW
02-06-2026,11:08:19,1,0,LOW
02-06-2026,11:08:19,1,0,LOW
02-06-2026,11:08:19,1,0,LOW
02-06-2026,11:08:20,1,0,LOW
02-06-2026,11:08:20,1,0,LOW
02-06-2026,11:08:21,1,0,LOW
02-06-2026,11:08:21,1,0,LOW
02-06-2026,11:08:22,1,0,LOW
02-06-2026,11:08:22,1,0,LOW
02-06-2026,11:08:22,1,0,LOW
02-06-2026,11:08:23,1,0,LOW
02-06-2026,11:08:23,1,0,LOW
02-06-2026,11:08:24,1,0,LOW
02-06-2026,11:08:24,1,0,LOW
02-06-2026,11:08:24,1,0,LOW
02-06-2026,11:08:25,1,0,LOW
02-06-2026,11:08:25,1,0,LOW
02-06-2026,11:08:26,1,0,LOW
02-06-2026,11:08:26,1,0,LOW
02-06-2026,11:08:27,1,0,LOW
02-06-2026,11:08:27,1,0,LOW
02-06-2026,11:08:28,1,0,LOW
02-06-2026,11:08:28,1,0,LOW
02-06-2026,11:08:29,1,0,LOW
02-06-2026,11:08:29,1,0,LOW
02-06-2026,11:08:30,1,0,LOW
02-06-2026,11:08:30,1,0,LOW
02-06-2026,11:08:30,1,0,LOW
02-06-2026,11:08:31,1,0,LOW
02-06-2026,11:08:31,1,0,LOW
02-06-2026,11:08:32,1,0,LOW
02-06-2026,11:08:32,1,0,LOW
02-06-2026,11:08:33,1,0,LOW
02-06-2026,11:08:33,1,0,LOW
02-06-2026,11:08:33,1,0,LOW
Date,Time,Objects,Vehicles,Density
02-06-2026,13:09:42,1,0,LOW
02-06-2026,13:09:42,1,0,LOW
02-06-2026,13:09:43,1,0,LOW
02-06-2026,13:09:43,1,0,LOW
02-06-2026,13:09:43,1,0,LOW
02-06-2026,13:09:43,1,0,LOW
02-06-2026,13:09:44,1,0,LOW
02-06-2026,13:09:44,1,0,LOW
02-06-2026,13:09:44,1,0,LOW
02-06-2026,13:09:45,1,0,LOW
02-06-2026,13:09:45,1,0,LOW
02-06-2026,13:09:45,1,0,LOW
02-06-2026,13:09:45,1,0,LOW
02-06-2026,13:09:46,1,0,LOW
02-06-2026,13:09:46,1,0,LOW
02-06-2026,13:09:46,1,0,LOW
